2026-02-13 13:38:13,288 : Test_OrangeHRM_Login_DDT_002 : test_OrangeHRM_Login_DDT_003 : INFO - Starting Test: Verify OrangeHRM Login Functionality
2026-02-13 13:38:13,304 : Test_OrangeHRM_Login_DDT_002 : test_OrangeHRM_Login_DDT_003 : INFO - Total Rows in Excel: 5
2026-02-13 13:38:13,342 : Test_OrangeHRM_Login_DDT_002 : test_OrangeHRM_Login_DDT_003 : INFO - Test Data: Username=Admin, Password=admin123, Expected Result=login pass
2026-02-13 13:38:13,343 : Test_OrangeHRM_Login_DDT_002 : test_OrangeHRM_Login_DDT_003 : INFO - Navigating to OrangeHRM Login Page
2026-02-13 13:42:48,662 : Test_OrangeHRM_Login_DDT_002 : test_OrangeHRM_Login_DDT_003 : INFO - Starting Test: Verify OrangeHRM Login Functionality
2026-02-13 13:42:48,675 : Test_OrangeHRM_Login_DDT_002 : test_OrangeHRM_Login_DDT_003 : INFO - Total Rows in Excel: 5
2026-02-13 13:42:48,701 : Test_OrangeHRM_Login_DDT_002 : test_OrangeHRM_Login_DDT_003 : INFO - Test Data: Username=Admin, Password=admin123, Expected Result=login pass
2026-02-13 13:42:48,702 : Test_OrangeHRM_Login_DDT_002 : test_OrangeHRM_Login_DDT_003 : INFO - Navigating to OrangeHRM Login Page
2026-02-13 13:48:24,991 : Test_OrangeHRM_Login_DDT_002 : test_OrangeHRM_Login_DDT_003 : INFO - Starting Test: Verify OrangeHRM Login Functionality
2026-02-13 13:48:25,014 : Test_OrangeHRM_Login_DDT_002 : test_OrangeHRM_Login_DDT_003 : INFO - Total Rows in Excel: 5
2026-02-13 13:48:25,065 : Test_OrangeHRM_Login_DDT_002 : test_OrangeHRM_Login_DDT_003 : INFO - Test Data: Username=Admin, Password=admin123, Expected Result=login pass
2026-02-13 13:48:25,065 : Test_OrangeHRM_Login_DDT_002 : test_OrangeHRM_Login_DDT_003 : INFO - Navigating to OrangeHRM Login Page
2026-02-13 13:48:36,728 : Test_OrangeHRM_Login_DDT_002 : test_OrangeHRM_Login_DDT_003 : INFO - OrangeHRM Login Page Loaded
2026-02-13 13:55:12,489 : Test_OrangeHRM_Login_DDT_002 : test_OrangeHRM_Login_DDT_003 : INFO - Starting Test: Verify OrangeHRM Login Functionality
2026-02-13 13:55:12,500 : Test_OrangeHRM_Login_DDT_002 : test_OrangeHRM_Login_DDT_003 : INFO - Total Rows in Excel: 5
2026-02-13 13:55:12,542 : Test_OrangeHRM_Login_DDT_002 : test_OrangeHRM_Login_DDT_003 : INFO - Test Data: Username=Admin, Password=admin123, Expected Result=login pass
2026-02-13 13:55:12,542 : Test_OrangeHRM_Login_DDT_002 : test_OrangeHRM_Login_DDT_003 : INFO - Navigating to OrangeHRM Login Page
2026-02-13 13:55:17,601 : Test_OrangeHRM_Login_DDT_002 : test_OrangeHRM_Login_DDT_003 : INFO - OrangeHRM Login Page Loaded
2026-02-13 13:55:21,414 : Test_OrangeHRM_Login_DDT_002 : test_OrangeHRM_Login_DDT_003 : INFO - Login Successful for Username=Admin
2026-02-13 13:55:26,102 : Test_OrangeHRM_Login_DDT_002 : test_OrangeHRM_Login_DDT_003 : ERROR - Test Failed for Username=Admin
2026-02-13 14:05:32,427 : Test_OrangeHRM_Login_DDT_002 : test_OrangeHRM_Login_DDT_003 : INFO - Starting Test: Verify OrangeHRM Login Functionality
2026-02-13 14:05:32,441 : Test_OrangeHRM_Login_DDT_002 : test_OrangeHRM_Login_DDT_003 : INFO - Total Rows in Excel: 5
2026-02-13 14:05:32,476 : Test_OrangeHRM_Login_DDT_002 : test_OrangeHRM_Login_DDT_003 : INFO - Test Data: Username=Admin, Password=admin123, Expected Result=login pass
2026-02-13 14:05:32,476 : Test_OrangeHRM_Login_DDT_002 : test_OrangeHRM_Login_DDT_003 : INFO - Navigating to OrangeHRM Login Page
2026-02-13 14:10:08,837 : Test_OrangeHRM_Login_DDT_002 : test_OrangeHRM_Login_DDT_003 : INFO - Starting Test: Verify OrangeHRM Login Functionality
2026-02-13 14:10:08,849 : Test_OrangeHRM_Login_DDT_002 : test_OrangeHRM_Login_DDT_003 : INFO - Total Rows in Excel: 5
2026-02-13 14:10:08,880 : Test_OrangeHRM_Login_DDT_002 : test_OrangeHRM_Login_DDT_003 : INFO - Test Data: Username=Admin, Password=admin123, Expected Result=login pass
2026-02-13 14:10:08,880 : Test_OrangeHRM_Login_DDT_002 : test_OrangeHRM_Login_DDT_003 : INFO - Navigating to OrangeHRM Login Page
2026-02-13 14:10:14,061 : Test_OrangeHRM_Login_DDT_002 : test_OrangeHRM_Login_DDT_003 : INFO - OrangeHRM Login Page Loaded
2026-02-13 14:10:29,854 : Test_OrangeHRM_Login_DDT_002 : test_OrangeHRM_Login_DDT_003 : ERROR - Login Failed for Username=Admin
2026-02-13 14:10:29,955 : Test_OrangeHRM_Login_DDT_002 : test_OrangeHRM_Login_DDT_003 : ERROR - Test Failed for Username=Admin
2026-02-13 14:10:30,007 : Test_OrangeHRM_Login_DDT_002 : test_OrangeHRM_Login_DDT_003 : INFO - Test Data: Username=Admin1, Password=admin123, Expected Result=login fail
2026-02-13 14:10:30,007 : Test_OrangeHRM_Login_DDT_002 : test_OrangeHRM_Login_DDT_003 : INFO - Navigating to OrangeHRM Login Page
2026-02-13 14:10:42,298 : Test_OrangeHRM_Login_DDT_002 : test_OrangeHRM_Login_DDT_003 : INFO - OrangeHRM Login Page Loaded
2026-02-13 14:18:30,089 : Test_OrangeHRM_Login_DDT_002 : test_OrangeHRM_Login_DDT_003 : INFO - Starting Test: Verify OrangeHRM Login Functionality
2026-02-13 14:18:30,103 : Test_OrangeHRM_Login_DDT_002 : test_OrangeHRM_Login_DDT_003 : INFO - Total Rows in Excel: 5
2026-02-13 14:18:30,149 : Test_OrangeHRM_Login_DDT_002 : test_OrangeHRM_Login_DDT_003 : INFO - Test Data: Username=Admin, Password=admin123, Expected Result=login pass
2026-02-13 14:18:30,150 : Test_OrangeHRM_Login_DDT_002 : test_OrangeHRM_Login_DDT_003 : INFO - Navigating to OrangeHRM Login Page
2026-02-13 14:20:17,616 : Test_OrangeHRM_Login_DDT_002 : test_OrangeHRM_Login_DDT_003 : INFO - OrangeHRM Login Page Loaded
2026-02-13 14:20:32,904 : Test_OrangeHRM_Login_DDT_002 : test_OrangeHRM_Login_DDT_003 : INFO - Login Successful for Username=Admin
2026-02-13 14:20:36,899 : Test_OrangeHRM_Login_DDT_002 : test_OrangeHRM_Login_DDT_003 : ERROR - Test Failed for Username=Admin
2026-02-13 14:22:24,056 : Test_OrangeHRM_Login_DDT_002 : test_OrangeHRM_Login_DDT_003 : INFO - Starting Test: Verify OrangeHRM Login Functionality
2026-02-13 14:22:24,072 : Test_OrangeHRM_Login_DDT_002 : test_OrangeHRM_Login_DDT_003 : INFO - Total Rows in Excel: 5
2026-02-13 14:22:24,166 : Test_OrangeHRM_Login_DDT_002 : test_OrangeHRM_Login_DDT_003 : INFO - Test Data: Username=Admin, Password=admin123, Expected Result=login pass
2026-02-13 14:22:24,166 : Test_OrangeHRM_Login_DDT_002 : test_OrangeHRM_Login_DDT_003 : INFO - Navigating to OrangeHRM Login Page
2026-02-13 14:22:30,670 : Test_OrangeHRM_Login_DDT_002 : test_OrangeHRM_Login_DDT_003 : INFO - OrangeHRM Login Page Loaded
2026-02-13 14:22:39,092 : Test_OrangeHRM_Login_DDT_002 : test_OrangeHRM_Login_DDT_003 : INFO - Login Successful for Username=Admin
2026-02-13 14:22:51,741 : Test_OrangeHRM_Login_DDT_002 : test_OrangeHRM_Login_DDT_003 : ERROR - Test Failed for Username=Admin
2026-02-13 14:22:51,788 : Test_OrangeHRM_Login_DDT_002 : test_OrangeHRM_Login_DDT_003 : INFO - Test Data: Username=Admin1, Password=admin123, Expected Result=login fail
2026-02-13 14:22:51,788 : Test_OrangeHRM_Login_DDT_002 : test_OrangeHRM_Login_DDT_003 : INFO - Navigating to OrangeHRM Login Page
2026-02-13 14:22:52,904 : Test_OrangeHRM_Login_DDT_002 : test_OrangeHRM_Login_DDT_003 : INFO - OrangeHRM Login Page Loaded
2026-02-13 14:23:04,576 : Test_OrangeHRM_Login_DDT_002 : test_OrangeHRM_Login_DDT_003 : ERROR - Login Failed for Username=Admin1
2026-02-13 14:23:04,673 : Test_OrangeHRM_Login_DDT_002 : test_OrangeHRM_Login_DDT_003 : ERROR - Test Failed for Username=Admin1
2026-02-13 14:23:04,713 : Test_OrangeHRM_Login_DDT_002 : test_OrangeHRM_Login_DDT_003 : INFO - Test Data: Username=Admin, Password=admin1231, Expected Result=login fail
2026-02-13 14:23:04,713 : Test_OrangeHRM_Login_DDT_002 : test_OrangeHRM_Login_DDT_003 : INFO - Navigating to OrangeHRM Login Page
2026-02-13 14:23:05,627 : Test_OrangeHRM_Login_DDT_002 : test_OrangeHRM_Login_DDT_003 : INFO - OrangeHRM Login Page Loaded
2026-02-13 14:23:21,509 : Test_OrangeHRM_Login_DDT_002 : test_OrangeHRM_Login_DDT_003 : ERROR - Login Failed for Username=Admin
2026-02-13 14:23:21,617 : Test_OrangeHRM_Login_DDT_002 : test_OrangeHRM_Login_DDT_003 : ERROR - Test Failed for Username=Admin
2026-02-13 14:23:21,675 : Test_OrangeHRM_Login_DDT_002 : test_OrangeHRM_Login_DDT_003 : INFO - Test Data: Username=Admin1, Password=admin1231, Expected Result=login fail
2026-02-13 14:23:21,675 : Test_OrangeHRM_Login_DDT_002 : test_OrangeHRM_Login_DDT_003 : INFO - Navigating to OrangeHRM Login Page
2026-02-13 14:23:24,321 : Test_OrangeHRM_Login_DDT_002 : test_OrangeHRM_Login_DDT_003 : INFO - OrangeHRM Login Page Loaded
2026-02-13 14:23:35,576 : Test_OrangeHRM_Login_DDT_002 : test_OrangeHRM_Login_DDT_003 : ERROR - Login Failed for Username=Admin1
2026-02-13 14:23:35,671 : Test_OrangeHRM_Login_DDT_002 : test_OrangeHRM_Login_DDT_003 : ERROR - Test Failed for Username=Admin1
2026-02-13 14:23:35,699 : Test_OrangeHRM_Login_DDT_002 : test_OrangeHRM_Login_DDT_003 : INFO - Test Results: ['Fail', 'Fail', 'Fail', 'Fail']
2026-02-13 14:41:31,655 : Test_OrangeHRM_Login_DDT_002 : test_OrangeHRM_Login_DDT_003 : INFO - Starting Test: Verify OrangeHRM Login Functionality
2026-02-13 14:41:31,668 : Test_OrangeHRM_Login_DDT_002 : test_OrangeHRM_Login_DDT_003 : INFO - Total Rows in Excel: 5
2026-02-13 14:41:31,701 : Test_OrangeHRM_Login_DDT_002 : test_OrangeHRM_Login_DDT_003 : INFO - Test Data: Username=Admin, Password=admin123, Expected Result=login Successful
2026-02-13 14:41:31,702 : Test_OrangeHRM_Login_DDT_002 : test_OrangeHRM_Login_DDT_003 : INFO - Navigating to OrangeHRM Login Page
2026-02-13 14:41:55,011 : Test_OrangeHRM_Login_DDT_002 : test_OrangeHRM_Login_DDT_003 : INFO - OrangeHRM Login Page Loaded
2026-02-13 14:42:04,487 : Test_OrangeHRM_Login_DDT_002 : test_OrangeHRM_Login_DDT_003 : INFO - Login Successful for Username=Admin
2026-02-13 14:42:12,247 : Test_OrangeHRM_Login_DDT_002 : test_OrangeHRM_Login_DDT_003 : ERROR - Test Failed for Username=Admin
2026-02-13 14:43:12,379 : Test_OrangeHRM_Login_DDT_002 : test_OrangeHRM_Login_DDT_003 : INFO - Starting Test: Verify OrangeHRM Login Functionality
2026-02-13 14:43:12,393 : Test_OrangeHRM_Login_DDT_002 : test_OrangeHRM_Login_DDT_003 : INFO - Total Rows in Excel: 5
2026-02-13 14:43:12,426 : Test_OrangeHRM_Login_DDT_002 : test_OrangeHRM_Login_DDT_003 : INFO - Test Data: Username=Admin, Password=admin123, Expected Result=login Successful
2026-02-13 14:43:12,426 : Test_OrangeHRM_Login_DDT_002 : test_OrangeHRM_Login_DDT_003 : INFO - Navigating to OrangeHRM Login Page
2026-02-13 14:49:08,212 : Test_OrangeHRM_Login_DDT_002 : test_OrangeHRM_Login_DDT_003 : INFO - Starting Test: Verify OrangeHRM Login Functionality
2026-02-13 14:49:08,230 : Test_OrangeHRM_Login_DDT_002 : test_OrangeHRM_Login_DDT_003 : INFO - Total Rows in Excel: 5
2026-02-13 14:49:08,272 : Test_OrangeHRM_Login_DDT_002 : test_OrangeHRM_Login_DDT_003 : INFO - Test Data: Username=Admin, Password=admin123, Expected Result=login Successful
2026-02-13 14:49:08,272 : Test_OrangeHRM_Login_DDT_002 : test_OrangeHRM_Login_DDT_003 : INFO - Navigating to OrangeHRM Login Page
2026-02-13 14:50:48,868 : Test_OrangeHRM_Login_DDT_002 : test_OrangeHRM_Login_DDT_003 : INFO - OrangeHRM Login Page Loaded
2026-02-13 14:52:07,666 : Test_OrangeHRM_Login_DDT_002 : test_OrangeHRM_Login_DDT_003 : INFO - Starting Test: Verify OrangeHRM Login Functionality
2026-02-13 14:52:07,680 : Test_OrangeHRM_Login_DDT_002 : test_OrangeHRM_Login_DDT_003 : INFO - Total Rows in Excel: 5
2026-02-13 14:52:07,711 : Test_OrangeHRM_Login_DDT_002 : test_OrangeHRM_Login_DDT_003 : INFO - Test Data: Username=Admin, Password=admin123, Expected Result=login Successful
2026-02-13 14:52:07,712 : Test_OrangeHRM_Login_DDT_002 : test_OrangeHRM_Login_DDT_003 : INFO - Navigating to OrangeHRM Login Page
2026-02-13 14:52:11,857 : Test_OrangeHRM_Login_DDT_002 : test_OrangeHRM_Login_DDT_003 : INFO - OrangeHRM Login Page Loaded
2026-02-13 14:52:17,642 : Test_OrangeHRM_Login_DDT_002 : test_OrangeHRM_Login_DDT_003 : INFO - Login Successful for Username=Admin
2026-02-13 14:52:23,842 : Test_OrangeHRM_Login_DDT_002 : test_OrangeHRM_Login_DDT_003 : ERROR - Test Failed for Username=Admin
2026-02-13 14:52:23,920 : Test_OrangeHRM_Login_DDT_002 : test_OrangeHRM_Login_DDT_003 : INFO - Test Data: Username=Admin1, Password=admin123, Expected Result=login failed
2026-02-13 14:52:23,920 : Test_OrangeHRM_Login_DDT_002 : test_OrangeHRM_Login_DDT_003 : INFO - Navigating to OrangeHRM Login Page
2026-02-13 14:52:25,381 : Test_OrangeHRM_Login_DDT_002 : test_OrangeHRM_Login_DDT_003 : INFO - OrangeHRM Login Page Loaded
2026-02-13 14:52:37,105 : Test_OrangeHRM_Login_DDT_002 : test_OrangeHRM_Login_DDT_003 : ERROR - Login Failed for Username=Admin1
2026-02-13 14:52:37,214 : Test_OrangeHRM_Login_DDT_002 : test_OrangeHRM_Login_DDT_003 : ERROR - Test Failed for Username=Admin1
2026-02-13 14:52:37,257 : Test_OrangeHRM_Login_DDT_002 : test_OrangeHRM_Login_DDT_003 : INFO - Test Data: Username=Admin, Password=admin1231, Expected Result=login failed
2026-02-13 14:52:37,257 : Test_OrangeHRM_Login_DDT_002 : test_OrangeHRM_Login_DDT_003 : INFO - Navigating to OrangeHRM Login Page
2026-02-13 14:53:19,581 : Test_OrangeHRM_Login_DDT_002 : test_OrangeHRM_Login_DDT_003 : INFO - OrangeHRM Login Page Loaded
2026-02-13 14:54:39,116 : Test_OrangeHRM_Login_DDT_002 : test_OrangeHRM_Login_DDT_003 : INFO - Starting Test: Verify OrangeHRM Login Functionality
2026-02-13 14:54:39,131 : Test_OrangeHRM_Login_DDT_002 : test_OrangeHRM_Login_DDT_003 : INFO - Total Rows in Excel: 5
2026-02-13 14:54:39,172 : Test_OrangeHRM_Login_DDT_002 : test_OrangeHRM_Login_DDT_003 : INFO - Test Data: Username=Admin, Password=admin123, Expected Result=login Successful
2026-02-13 14:54:39,172 : Test_OrangeHRM_Login_DDT_002 : test_OrangeHRM_Login_DDT_003 : INFO - Navigating to OrangeHRM Login Page
2026-02-13 14:55:22,038 : Test_OrangeHRM_Login_DDT_002 : test_OrangeHRM_Login_DDT_003 : INFO - OrangeHRM Login Page Loaded
2026-02-13 15:04:42,731 : Test_OrangeHRM_Login_DDT_002 : test_OrangeHRM_Login_DDT_003 : INFO - Starting Test: Verify OrangeHRM Login Functionality
2026-02-13 15:04:42,744 : Test_OrangeHRM_Login_DDT_002 : test_OrangeHRM_Login_DDT_003 : INFO - Total Rows in Excel: 5
2026-02-13 15:04:42,780 : Test_OrangeHRM_Login_DDT_002 : test_OrangeHRM_Login_DDT_003 : INFO - Test Data: Username=Admin, Password=admin123, Expected Result=login Successful
2026-02-13 15:04:42,781 : Test_OrangeHRM_Login_DDT_002 : test_OrangeHRM_Login_DDT_003 : INFO - Navigating to OrangeHRM Login Page
2026-02-13 15:08:47,873 : Test_OrangeHRM_Login_DDT_002 : test_OrangeHRM_Login_DDT_003 : INFO - Starting Test: Verify OrangeHRM Login Functionality
2026-02-13 15:08:47,887 : Test_OrangeHRM_Login_DDT_002 : test_OrangeHRM_Login_DDT_003 : INFO - Total Rows in Excel: 5
2026-02-13 15:08:47,921 : Test_OrangeHRM_Login_DDT_002 : test_OrangeHRM_Login_DDT_003 : INFO - Test Data: Username=Admin, Password=admin123, Expected Result=login Successful
2026-02-13 15:08:47,921 : Test_OrangeHRM_Login_DDT_002 : test_OrangeHRM_Login_DDT_003 : INFO - Navigating to OrangeHRM Login Page
2026-02-13 15:09:19,188 : Test_OrangeHRM_Login_DDT_002 : test_OrangeHRM_Login_DDT_003 : INFO - OrangeHRM Login Page Loaded
2026-02-16 13:34:08,325 : Test_OrangeHRM_Login_DDT_002 : test_OrangeHRM_Login_DDT_003 : INFO - Starting Test: Verify OrangeHRM Login Functionality
2026-02-16 13:34:08,353 : Test_OrangeHRM_Login_DDT_002 : test_OrangeHRM_Login_DDT_003 : INFO - Total Rows in Excel: 5
2026-02-16 13:34:08,427 : Test_OrangeHRM_Login_DDT_002 : test_OrangeHRM_Login_DDT_003 : INFO - Test Data: Username=Admin, Password=admin123, Expected Result=login Successful
2026-02-16 13:34:08,428 : Test_OrangeHRM_Login_DDT_002 : test_OrangeHRM_Login_DDT_003 : INFO - Navigating to OrangeHRM Login Page
2026-02-16 13:34:16,374 : Test_OrangeHRM_Login_DDT_002 : test_OrangeHRM_Login_DDT_003 : INFO - OrangeHRM Login Page Loaded
2026-02-16 13:34:22,463 : Test_OrangeHRM_Login_DDT_002 : test_OrangeHRM_Login_DDT_003 : INFO - Login Successful for Username=Admin
2026-02-16 13:34:35,054 : Test_OrangeHRM_Login_DDT_002 : test_OrangeHRM_Login_DDT_003 : ERROR - Test Failed for Username=Admin
2026-02-16 13:34:35,160 : Test_OrangeHRM_Login_DDT_002 : test_OrangeHRM_Login_DDT_003 : INFO - Test Data: Username=Admin1, Password=admin123, Expected Result=login Failed
2026-02-16 13:34:35,161 : Test_OrangeHRM_Login_DDT_002 : test_OrangeHRM_Login_DDT_003 : INFO - Navigating to OrangeHRM Login Page
2026-02-16 13:34:36,261 : Test_OrangeHRM_Login_DDT_002 : test_OrangeHRM_Login_DDT_003 : INFO - OrangeHRM Login Page Loaded
2026-02-16 13:34:50,910 : Test_OrangeHRM_Login_DDT_002 : test_OrangeHRM_Login_DDT_003 : ERROR - Login Failed for Username=Admin1
2026-02-16 13:34:51,216 : Test_OrangeHRM_Login_DDT_002 : test_OrangeHRM_Login_DDT_003 : ERROR - Test Failed for Username=Admin1
2026-02-16 13:34:51,356 : Test_OrangeHRM_Login_DDT_002 : test_OrangeHRM_Login_DDT_003 : INFO - Test Data: Username=Admin, Password=admin1231, Expected Result=login Failed
2026-02-16 13:34:51,356 : Test_OrangeHRM_Login_DDT_002 : test_OrangeHRM_Login_DDT_003 : INFO - Navigating to OrangeHRM Login Page
2026-02-16 13:34:52,617 : Test_OrangeHRM_Login_DDT_002 : test_OrangeHRM_Login_DDT_003 : INFO - OrangeHRM Login Page Loaded
2026-02-16 13:35:04,740 : Test_OrangeHRM_Login_DDT_002 : test_OrangeHRM_Login_DDT_003 : ERROR - Login Failed for Username=Admin
2026-02-16 13:35:04,967 : Test_OrangeHRM_Login_DDT_002 : test_OrangeHRM_Login_DDT_003 : ERROR - Test Failed for Username=Admin
2026-02-16 13:35:05,041 : Test_OrangeHRM_Login_DDT_002 : test_OrangeHRM_Login_DDT_003 : INFO - Test Data: Username=Admin1, Password=admin1231, Expected Result=login Failed
2026-02-16 13:35:05,042 : Test_OrangeHRM_Login_DDT_002 : test_OrangeHRM_Login_DDT_003 : INFO - Navigating to OrangeHRM Login Page
2026-02-16 13:35:07,932 : Test_OrangeHRM_Login_DDT_002 : test_OrangeHRM_Login_DDT_003 : INFO - OrangeHRM Login Page Loaded
2026-02-16 13:35:20,692 : Test_OrangeHRM_Login_DDT_002 : test_OrangeHRM_Login_DDT_003 : ERROR - Login Failed for Username=Admin1
2026-02-16 13:35:20,872 : Test_OrangeHRM_Login_DDT_002 : test_OrangeHRM_Login_DDT_003 : ERROR - Test Failed for Username=Admin1
2026-02-16 13:35:20,918 : Test_OrangeHRM_Login_DDT_002 : test_OrangeHRM_Login_DDT_003 : INFO - Test Results: ['Fail', 'Fail', 'Fail', 'Fail']
2026-02-16 13:51:52,859 : Test_OrangeHRM_Login_DDT_002 : test_OrangeHRM_Login_DDT_003 : INFO - Starting Test: Verify OrangeHRM Login Functionality
2026-02-16 13:51:52,882 : Test_OrangeHRM_Login_DDT_002 : test_OrangeHRM_Login_DDT_003 : INFO - Total Rows in Excel: 5
2026-02-16 13:51:52,953 : Test_OrangeHRM_Login_DDT_002 : test_OrangeHRM_Login_DDT_003 : INFO - Test Data: Username=Admin, Password=admin123, Expected Result=Login Successful
2026-02-16 13:51:52,953 : Test_OrangeHRM_Login_DDT_002 : test_OrangeHRM_Login_DDT_003 : INFO - Navigating to OrangeHRM Login Page
2026-02-16 13:51:59,996 : Test_OrangeHRM_Login_DDT_002 : test_OrangeHRM_Login_DDT_003 : INFO - OrangeHRM Login Page Loaded
2026-02-16 13:52:05,113 : Test_OrangeHRM_Login_DDT_002 : test_OrangeHRM_Login_DDT_003 : INFO - Login Successful for Username=Admin
2026-02-16 13:52:08,834 : Test_OrangeHRM_Login_DDT_002 : test_OrangeHRM_Login_DDT_003 : INFO - Test Passed for Username=Admin
2026-02-16 13:54:33,589 : Test_OrangeHRM_Login_DDT_002 : test_OrangeHRM_Login_DDT_003 : INFO - Starting Test: Verify OrangeHRM Login Functionality
2026-02-16 13:54:33,606 : Test_OrangeHRM_Login_DDT_002 : test_OrangeHRM_Login_DDT_003 : INFO - Total Rows in Excel: 5
2026-02-16 13:54:33,649 : Test_OrangeHRM_Login_DDT_002 : test_OrangeHRM_Login_DDT_003 : INFO - Test Data: Username=Admin, Password=admin123, Expected Result=Login Successful
2026-02-16 13:54:33,649 : Test_OrangeHRM_Login_DDT_002 : test_OrangeHRM_Login_DDT_003 : INFO - Navigating to OrangeHRM Login Page
2026-02-16 13:54:42,018 : Test_OrangeHRM_Login_DDT_002 : test_OrangeHRM_Login_DDT_003 : INFO - OrangeHRM Login Page Loaded
2026-02-16 13:54:47,072 : Test_OrangeHRM_Login_DDT_002 : test_OrangeHRM_Login_DDT_003 : INFO - Login Successful for Username=Admin
2026-02-16 13:54:50,650 : Test_OrangeHRM_Login_DDT_002 : test_OrangeHRM_Login_DDT_003 : INFO - Test Passed for Username=Admin
2026-02-16 13:54:50,739 : Test_OrangeHRM_Login_DDT_002 : test_OrangeHRM_Login_DDT_003 : INFO - Test Data: Username=Admin1, Password=admin123, Expected Result=Login Failed
2026-02-16 13:54:50,739 : Test_OrangeHRM_Login_DDT_002 : test_OrangeHRM_Login_DDT_003 : INFO - Navigating to OrangeHRM Login Page
2026-02-16 13:54:51,693 : Test_OrangeHRM_Login_DDT_002 : test_OrangeHRM_Login_DDT_003 : INFO - OrangeHRM Login Page Loaded
2026-02-16 13:55:04,979 : Test_OrangeHRM_Login_DDT_002 : test_OrangeHRM_Login_DDT_003 : ERROR - Login Failed for Username=Admin1
2026-02-16 13:55:05,165 : Test_OrangeHRM_Login_DDT_002 : test_OrangeHRM_Login_DDT_003 : INFO - Test Passed for Username=Admin1
2026-02-16 13:55:05,233 : Test_OrangeHRM_Login_DDT_002 : test_OrangeHRM_Login_DDT_003 : INFO - Test Data: Username=Admin, Password=admin1231, Expected Result=Login Failed
2026-02-16 13:55:05,233 : Test_OrangeHRM_Login_DDT_002 : test_OrangeHRM_Login_DDT_003 : INFO - Navigating to OrangeHRM Login Page
2026-02-16 13:55:06,563 : Test_OrangeHRM_Login_DDT_002 : test_OrangeHRM_Login_DDT_003 : INFO - OrangeHRM Login Page Loaded
2026-02-16 13:55:20,269 : Test_OrangeHRM_Login_DDT_002 : test_OrangeHRM_Login_DDT_003 : ERROR - Login Failed for Username=Admin
2026-02-16 13:55:20,486 : Test_OrangeHRM_Login_DDT_002 : test_OrangeHRM_Login_DDT_003 : INFO - Test Passed for Username=Admin
2026-02-16 13:55:20,553 : Test_OrangeHRM_Login_DDT_002 : test_OrangeHRM_Login_DDT_003 : INFO - Test Data: Username=Admin1, Password=admin1231, Expected Result=Login Failed
2026-02-16 13:55:20,553 : Test_OrangeHRM_Login_DDT_002 : test_OrangeHRM_Login_DDT_003 : INFO - Navigating to OrangeHRM Login Page
2026-02-16 13:55:21,474 : Test_OrangeHRM_Login_DDT_002 : test_OrangeHRM_Login_DDT_003 : INFO - OrangeHRM Login Page Loaded
2026-02-16 13:55:33,164 : Test_OrangeHRM_Login_DDT_002 : test_OrangeHRM_Login_DDT_003 : ERROR - Login Failed for Username=Admin1
2026-02-16 13:55:33,380 : Test_OrangeHRM_Login_DDT_002 : test_OrangeHRM_Login_DDT_003 : INFO - Test Passed for Username=Admin1
2026-02-16 13:55:33,434 : Test_OrangeHRM_Login_DDT_002 : test_OrangeHRM_Login_DDT_003 : INFO - Test Results: ['Pass', 'Pass', 'Pass', 'Pass']
2026-02-16 13:55:33,434 : Test_OrangeHRM_Login_DDT_002 : test_OrangeHRM_Login_DDT_003 : INFO - test_OrangeHRM_Login_DDT_003 test Completed
2026-02-16 13:55:33,434 : Test_OrangeHRM_Login_DDT_002 : test_OrangeHRM_Login_DDT_003 : INFO - =============================================================
2026-02-16 14:01:47,506 : Test_OrangeHRM_Login_001 : test_OrangeHRM_Login_002 : INFO - Starting Test: Verify OrangeHRM Login Functionality
2026-02-16 14:01:47,506 : Test_OrangeHRM_Login_001 : test_OrangeHRM_Login_002 : INFO - Navigating to OrangeHRM Login Page
2026-02-16 14:01:48,382 : Test_OrangeHRM_Login_001 : test_verify_url_001 : INFO - Starting Test: Verify OrangeHRM Login Page URL
2026-02-16 14:01:48,383 : Test_OrangeHRM_Login_001 : test_verify_url_001 : INFO - Navigating to OrangeHRM Login Page
2026-02-16 14:01:49,007 : Test_OrangeHRM_Login_DDT_002 : test_OrangeHRM_Login_DDT_003 : INFO - Starting Test: Verify OrangeHRM Login Functionality
2026-02-16 14:01:49,029 : Test_OrangeHRM_Login_DDT_002 : test_OrangeHRM_Login_DDT_003 : INFO - Total Rows in Excel: 5
2026-02-16 14:01:49,196 : Test_OrangeHRM_Login_DDT_002 : test_OrangeHRM_Login_DDT_003 : INFO - Test Data: Username=Admin, Password=admin123, Expected Result=Login Successful
2026-02-16 14:01:49,196 : Test_OrangeHRM_Login_DDT_002 : test_OrangeHRM_Login_DDT_003 : INFO - Navigating to OrangeHRM Login Page
2026-02-16 14:01:50,989 : Test_OrangeHRM_Login_001 : test_OrangeHRM_Login_002 : INFO - OrangeHRM Login Page Loaded
2026-02-16 14:01:50,989 : Test_OrangeHRM_Login_001 : test_OrangeHRM_Login_002 : INFO - Entering Username and Password
2026-02-16 14:01:52,234 : Test_OrangeHRM_Login_DDT_002 : test_OrangeHRM_Login_DDT_003 : INFO - OrangeHRM Login Page Loaded
2026-02-16 14:01:56,991 : Test_OrangeHRM_Login_001 : test_verify_url_001 : INFO - OrangeHRM Login Page Loaded
2026-02-16 14:01:57,034 : Test_OrangeHRM_Login_001 : test_verify_url_001 : INFO - OrangeHRM Login Page URL Verified
2026-02-16 14:01:57,189 : Test_OrangeHRM_Login_001 : test_verify_url_001 : INFO - Screenshot of Passed Test Saved
2026-02-16 14:01:57,198 : Test_OrangeHRM_Login_001 : test_verify_url_001 : INFO - test_verify_url_001 test Completed
2026-02-16 14:01:57,200 : Test_OrangeHRM_Login_001 : test_verify_url_001 : INFO - =============================================================
2026-02-16 14:02:00,521 : Test_OrangeHRM_Login_001 : test_OrangeHRM_Login_002 : INFO - Clicking Login Button
2026-02-16 14:02:07,859 : Test_OrangeHRM_Login_001 : test_OrangeHRM_Login_002 : INFO - Login Attempt Completed
2026-02-16 14:02:07,866 : Test_OrangeHRM_Login_DDT_002 : test_OrangeHRM_Login_DDT_003 : INFO - Login Successful for Username=Admin
2026-02-16 14:02:12,691 : Test_OrangeHRM_Login_001 : test_OrangeHRM_Login_002 : INFO - Login Successful
2026-02-16 14:02:13,008 : Test_OrangeHRM_Login_001 : test_OrangeHRM_Login_002 : INFO - Screenshot of Passed Test Saved
2026-02-16 14:02:18,246 : Test_OrangeHRM_Login_DDT_002 : test_OrangeHRM_Login_DDT_003 : INFO - Test Passed for Username=Admin
2026-02-16 14:02:19,589 : Test_OrangeHRM_Login_001 : test_OrangeHRM_Login_002 : INFO - test_OrangeHRM_Login_002 test Completed
2026-02-16 14:02:19,590 : Test_OrangeHRM_Login_001 : test_OrangeHRM_Login_002 : INFO - =============================================================
2026-02-16 14:03:00,244 : Test_OrangeHRM_Login_DDT_002 : test_OrangeHRM_Login_DDT_003 : INFO - Starting Test: Verify OrangeHRM Login Functionality
2026-02-16 14:03:00,259 : Test_OrangeHRM_Login_DDT_002 : test_OrangeHRM_Login_DDT_003 : INFO - Total Rows in Excel: 5
2026-02-16 14:03:00,303 : Test_OrangeHRM_Login_DDT_002 : test_OrangeHRM_Login_DDT_003 : INFO - Test Data: Username=Admin, Password=admin123, Expected Result=Login Successful
2026-02-16 14:03:00,303 : Test_OrangeHRM_Login_DDT_002 : test_OrangeHRM_Login_DDT_003 : INFO - Navigating to OrangeHRM Login Page
2026-02-16 14:03:02,064 : Test_OrangeHRM_Login_001 : test_OrangeHRM_Login_002 : INFO - Starting Test: Verify OrangeHRM Login Functionality
2026-02-16 14:03:02,065 : Test_OrangeHRM_Login_001 : test_OrangeHRM_Login_002 : INFO - Navigating to OrangeHRM Login Page
2026-02-16 14:03:02,674 : Test_OrangeHRM_Login_001 : test_verify_url_001 : INFO - Starting Test: Verify OrangeHRM Login Page URL
2026-02-16 14:03:02,675 : Test_OrangeHRM_Login_001 : test_verify_url_001 : INFO - Navigating to OrangeHRM Login Page
2026-02-16 14:03:05,337 : Test_OrangeHRM_Login_001 : test_verify_url_001 : INFO - OrangeHRM Login Page Loaded
2026-02-16 14:03:07,528 : Test_OrangeHRM_Login_DDT_002 : test_OrangeHRM_Login_DDT_003 : INFO - OrangeHRM Login Page Loaded
2026-02-16 14:03:09,007 : Test_OrangeHRM_Login_001 : test_OrangeHRM_Login_002 : INFO - OrangeHRM Login Page Loaded
2026-02-16 14:03:09,008 : Test_OrangeHRM_Login_001 : test_OrangeHRM_Login_002 : INFO - Entering Username and Password
2026-02-16 14:03:10,085 : Test_OrangeHRM_Login_001 : test_verify_url_001 : INFO - OrangeHRM Login Page URL Verified
2026-02-16 14:03:10,254 : Test_OrangeHRM_Login_001 : test_verify_url_001 : INFO - Screenshot of Passed Test Saved
2026-02-16 14:03:10,259 : Test_OrangeHRM_Login_001 : test_verify_url_001 : INFO - test_verify_url_001 test Completed
2026-02-16 14:03:10,259 : Test_OrangeHRM_Login_001 : test_verify_url_001 : INFO - =============================================================
2026-02-16 14:03:11,383 : Test_OrangeHRM_Login_001 : test_OrangeHRM_Login_002 : INFO - Clicking Login Button
2026-02-16 14:03:16,854 : Test_OrangeHRM_Login_DDT_002 : test_OrangeHRM_Login_DDT_003 : INFO - Login Successful for Username=Admin
2026-02-16 14:03:17,369 : Test_OrangeHRM_Login_001 : test_OrangeHRM_Login_002 : INFO - Login Attempt Completed
2026-02-16 14:03:19,153 : Test_OrangeHRM_Login_001 : test_OrangeHRM_Login_002 : INFO - Login Successful
2026-02-16 14:03:19,417 : Test_OrangeHRM_Login_001 : test_OrangeHRM_Login_002 : INFO - Screenshot of Passed Test Saved
2026-02-16 14:03:20,671 : Test_OrangeHRM_Login_DDT_002 : test_OrangeHRM_Login_DDT_003 : INFO - Test Passed for Username=Admin
2026-02-16 14:03:20,869 : Test_OrangeHRM_Login_DDT_002 : test_OrangeHRM_Login_DDT_003 : INFO - Test Data: Username=Admin1, Password=admin123, Expected Result=Login Failed
2026-02-16 14:03:20,869 : Test_OrangeHRM_Login_DDT_002 : test_OrangeHRM_Login_DDT_003 : INFO - Navigating to OrangeHRM Login Page
2026-02-16 14:03:24,220 : Test_OrangeHRM_Login_DDT_002 : test_OrangeHRM_Login_DDT_003 : INFO - OrangeHRM Login Page Loaded
2026-02-16 14:03:31,477 : Test_OrangeHRM_Login_001 : test_OrangeHRM_Login_002 : INFO - test_OrangeHRM_Login_002 test Completed
2026-02-16 14:03:31,477 : Test_OrangeHRM_Login_001 : test_OrangeHRM_Login_002 : INFO - =============================================================
2026-02-16 14:03:37,274 : Test_OrangeHRM_Login_DDT_002 : test_OrangeHRM_Login_DDT_003 : ERROR - Login Failed for Username=Admin1
2026-02-16 14:03:37,507 : Test_OrangeHRM_Login_DDT_002 : test_OrangeHRM_Login_DDT_003 : INFO - Test Passed for Username=Admin1
2026-02-16 14:03:37,562 : Test_OrangeHRM_Login_DDT_002 : test_OrangeHRM_Login_DDT_003 : INFO - Test Data: Username=Admin, Password=admin1231, Expected Result=Login Failed
2026-02-16 14:03:37,562 : Test_OrangeHRM_Login_DDT_002 : test_OrangeHRM_Login_DDT_003 : INFO - Navigating to OrangeHRM Login Page
2026-02-16 14:03:38,990 : Test_OrangeHRM_Login_DDT_002 : test_OrangeHRM_Login_DDT_003 : INFO - OrangeHRM Login Page Loaded
2026-02-16 14:03:53,489 : Test_OrangeHRM_Login_DDT_002 : test_OrangeHRM_Login_DDT_003 : ERROR - Login Failed for Username=Admin
2026-02-16 14:03:53,768 : Test_OrangeHRM_Login_DDT_002 : test_OrangeHRM_Login_DDT_003 : INFO - Test Passed for Username=Admin
2026-02-16 14:03:53,816 : Test_OrangeHRM_Login_DDT_002 : test_OrangeHRM_Login_DDT_003 : INFO - Test Data: Username=Admin1, Password=admin1231, Expected Result=Login Failed
2026-02-16 14:03:53,817 : Test_OrangeHRM_Login_DDT_002 : test_OrangeHRM_Login_DDT_003 : INFO - Navigating to OrangeHRM Login Page
2026-02-16 14:03:54,761 : Test_OrangeHRM_Login_DDT_002 : test_OrangeHRM_Login_DDT_003 : INFO - OrangeHRM Login Page Loaded
2026-02-16 14:04:08,715 : Test_OrangeHRM_Login_DDT_002 : test_OrangeHRM_Login_DDT_003 : ERROR - Login Failed for Username=Admin1
2026-02-16 14:04:08,989 : Test_OrangeHRM_Login_DDT_002 : test_OrangeHRM_Login_DDT_003 : INFO - Test Passed for Username=Admin1
2026-02-16 14:04:09,012 : Test_OrangeHRM_Login_DDT_002 : test_OrangeHRM_Login_DDT_003 : INFO - Test Results: ['Pass', 'Pass', 'Pass', 'Pass']
2026-02-16 14:04:09,012 : Test_OrangeHRM_Login_DDT_002 : test_OrangeHRM_Login_DDT_003 : INFO - test_OrangeHRM_Login_DDT_003 test Completed
2026-02-16 14:04:09,013 : Test_OrangeHRM_Login_DDT_002 : test_OrangeHRM_Login_DDT_003 : INFO - =============================================================
2026-02-16 14:10:16,283 : Test_OrangeHRM_Login_001 : test_verify_url_001 : INFO - Starting Test: Verify OrangeHRM Login Page URL
2026-02-16 14:10:16,284 : Test_OrangeHRM_Login_001 : test_verify_url_001 : INFO - Navigating to OrangeHRM Login Page
2026-02-16 14:10:17,698 : Test_OrangeHRM_Login_001 : test_OrangeHRM_Login_002 : INFO - Starting Test: Verify OrangeHRM Login Functionality
2026-02-16 14:10:17,699 : Test_OrangeHRM_Login_001 : test_OrangeHRM_Login_002 : INFO - Navigating to OrangeHRM Login Page
2026-02-16 14:10:18,056 : Test_OrangeHRM_Login_DDT_002 : test_OrangeHRM_Login_DDT_003 : INFO - Starting Test: Verify OrangeHRM Login Functionality
2026-02-16 14:10:18,079 : Test_OrangeHRM_Login_DDT_002 : test_OrangeHRM_Login_DDT_003 : INFO - Total Rows in Excel: 5
2026-02-16 14:10:18,217 : Test_OrangeHRM_Login_DDT_002 : test_OrangeHRM_Login_DDT_003 : INFO - Test Data: Username=Admin, Password=admin123, Expected Result=Login Successful
2026-02-16 14:10:18,218 : Test_OrangeHRM_Login_DDT_002 : test_OrangeHRM_Login_DDT_003 : INFO - Navigating to OrangeHRM Login Page
2026-02-16 14:10:24,150 : Test_OrangeHRM_Login_001 : test_verify_url_001 : INFO - OrangeHRM Login Page Loaded
2026-02-16 14:10:24,163 : Test_OrangeHRM_Login_001 : test_verify_url_001 : INFO - OrangeHRM Login Page URL Verified
2026-02-16 14:10:24,432 : Test_OrangeHRM_Login_001 : test_verify_url_001 : INFO - Screenshot of Passed Test Saved
2026-02-16 14:10:24,437 : Test_OrangeHRM_Login_001 : test_verify_url_001 : INFO - test_verify_url_001 test Completed
2026-02-16 14:10:24,437 : Test_OrangeHRM_Login_001 : test_verify_url_001 : INFO - =============================================================
2026-02-16 14:10:26,685 : Test_OrangeHRM_Login_001 : test_OrangeHRM_Login_002 : INFO - OrangeHRM Login Page Loaded
2026-02-16 14:10:26,685 : Test_OrangeHRM_Login_001 : test_OrangeHRM_Login_002 : INFO - Entering Username and Password
2026-02-16 14:10:26,897 : Test_OrangeHRM_Login_DDT_002 : test_OrangeHRM_Login_DDT_003 : INFO - OrangeHRM Login Page Loaded
2026-02-16 14:10:32,115 : Test_OrangeHRM_Login_001 : test_OrangeHRM_Login_002 : INFO - Clicking Login Button
2026-02-16 14:10:32,510 : Test_OrangeHRM_Login_001 : test_OrangeHRM_Login_002 : INFO - Login Attempt Completed
2026-02-16 14:10:42,232 : Test_OrangeHRM_Login_DDT_002 : test_OrangeHRM_Login_DDT_003 : INFO - Login Successful for Username=Admin
2026-02-16 14:10:42,301 : Test_OrangeHRM_Login_001 : test_OrangeHRM_Login_002 : INFO - Login Successful
2026-02-16 14:10:42,631 : Test_OrangeHRM_Login_001 : test_OrangeHRM_Login_002 : INFO - Screenshot of Passed Test Saved
2026-02-16 14:10:49,658 : Test_OrangeHRM_Login_001 : test_OrangeHRM_Login_002 : INFO - test_OrangeHRM_Login_002 test Completed
2026-02-16 14:10:49,658 : Test_OrangeHRM_Login_001 : test_OrangeHRM_Login_002 : INFO - =============================================================
2026-02-16 14:10:49,903 : Test_OrangeHRM_Login_DDT_002 : test_OrangeHRM_Login_DDT_003 : INFO - Test Passed for Username=Admin
2026-02-16 14:10:50,037 : Test_OrangeHRM_Login_DDT_002 : test_OrangeHRM_Login_DDT_003 : INFO - Test Data: Username=Admin1, Password=admin123, Expected Result=Login Failed
2026-02-16 14:10:50,038 : Test_OrangeHRM_Login_DDT_002 : test_OrangeHRM_Login_DDT_003 : INFO - Navigating to OrangeHRM Login Page
2026-02-16 14:10:51,320 : Test_OrangeHRM_Login_DDT_002 : test_OrangeHRM_Login_DDT_003 : INFO - OrangeHRM Login Page Loaded
2026-02-16 14:11:03,065 : Test_OrangeHRM_Login_DDT_002 : test_OrangeHRM_Login_DDT_003 : ERROR - Login Failed for Username=Admin1
2026-02-16 14:11:03,241 : Test_OrangeHRM_Login_DDT_002 : test_OrangeHRM_Login_DDT_003 : INFO - Test Passed for Username=Admin1
2026-02-16 14:11:03,315 : Test_OrangeHRM_Login_DDT_002 : test_OrangeHRM_Login_DDT_003 : INFO - Test Data: Username=Admin, Password=admin1231, Expected Result=Login Failed
2026-02-16 14:11:03,316 : Test_OrangeHRM_Login_DDT_002 : test_OrangeHRM_Login_DDT_003 : INFO - Navigating to OrangeHRM Login Page
2026-02-16 14:11:05,093 : Test_OrangeHRM_Login_DDT_002 : test_OrangeHRM_Login_DDT_003 : INFO - OrangeHRM Login Page Loaded
2026-02-16 14:11:19,066 : Test_OrangeHRM_Login_DDT_002 : test_OrangeHRM_Login_DDT_003 : ERROR - Login Failed for Username=Admin
2026-02-16 14:11:19,268 : Test_OrangeHRM_Login_DDT_002 : test_OrangeHRM_Login_DDT_003 : INFO - Test Passed for Username=Admin
2026-02-16 14:11:19,317 : Test_OrangeHRM_Login_DDT_002 : test_OrangeHRM_Login_DDT_003 : INFO - Test Data: Username=Admin1, Password=admin1231, Expected Result=Login Failed
2026-02-16 14:11:19,317 : Test_OrangeHRM_Login_DDT_002 : test_OrangeHRM_Login_DDT_003 : INFO - Navigating to OrangeHRM Login Page
2026-02-16 14:11:20,241 : Test_OrangeHRM_Login_DDT_002 : test_OrangeHRM_Login_DDT_003 : INFO - OrangeHRM Login Page Loaded
2026-02-16 14:11:33,820 : Test_OrangeHRM_Login_DDT_002 : test_OrangeHRM_Login_DDT_003 : ERROR - Login Failed for Username=Admin1
2026-02-16 14:11:34,038 : Test_OrangeHRM_Login_DDT_002 : test_OrangeHRM_Login_DDT_003 : INFO - Test Passed for Username=Admin1
2026-02-16 14:11:34,065 : Test_OrangeHRM_Login_DDT_002 : test_OrangeHRM_Login_DDT_003 : INFO - Test Results: ['Pass', 'Pass', 'Pass', 'Pass']
2026-02-16 14:11:34,066 : Test_OrangeHRM_Login_DDT_002 : test_OrangeHRM_Login_DDT_003 : INFO - test_OrangeHRM_Login_DDT_003 test Completed
2026-02-16 14:11:34,066 : Test_OrangeHRM_Login_DDT_002 : test_OrangeHRM_Login_DDT_003 : INFO - =============================================================
2026-02-16 15:00:09,132 : Test_OrangeHRM_Login_DDT_002 : test_OrangeHRM_Login_DDT_003 : INFO - Starting Test: Verify OrangeHRM Login Functionality
2026-02-16 15:00:09,298 : Test_OrangeHRM_Login_DDT_002 : test_OrangeHRM_Login_DDT_003 : INFO - Total Rows in Excel: 5
2026-02-16 15:00:09,413 : Test_OrangeHRM_Login_DDT_002 : test_OrangeHRM_Login_DDT_003 : INFO - Test Data: Username=Admin, Password=admin123, Expected Result=Login Successful
2026-02-16 15:00:09,413 : Test_OrangeHRM_Login_DDT_002 : test_OrangeHRM_Login_DDT_003 : INFO - Navigating to OrangeHRM Login Page
2026-02-16 15:00:11,842 : Test_OrangeHRM_Login_001 : test_OrangeHRM_Login_002 : INFO - Starting Test: Verify OrangeHRM Login Functionality
2026-02-16 15:00:11,842 : Test_OrangeHRM_Login_001 : test_OrangeHRM_Login_002 : INFO - Navigating to OrangeHRM Login Page
2026-02-16 15:00:13,507 : Test_OrangeHRM_Login_001 : test_verify_url_001 : INFO - Starting Test: Verify OrangeHRM Login Page URL
2026-02-16 15:00:13,508 : Test_OrangeHRM_Login_001 : test_verify_url_001 : INFO - Navigating to OrangeHRM Login Page
2026-02-16 15:00:14,309 : Test_OrangeHRM_Login_DDT_002 : test_OrangeHRM_Login_DDT_003 : INFO - OrangeHRM Login Page Loaded
2026-02-16 15:00:20,746 : Test_OrangeHRM_Login_001 : test_OrangeHRM_Login_002 : INFO - OrangeHRM Login Page Loaded
2026-02-16 15:00:20,746 : Test_OrangeHRM_Login_001 : test_OrangeHRM_Login_002 : INFO - Entering Username and Password
2026-02-16 15:00:24,102 : Test_OrangeHRM_Login_001 : test_verify_url_001 : INFO - OrangeHRM Login Page Loaded
2026-02-16 15:00:24,265 : Test_OrangeHRM_Login_001 : test_verify_url_001 : INFO - OrangeHRM Login Page URL Verified
2026-02-16 15:00:24,445 : Test_OrangeHRM_Login_001 : test_verify_url_001 : INFO - Screenshot of Passed Test Saved
2026-02-16 15:00:24,451 : Test_OrangeHRM_Login_001 : test_verify_url_001 : INFO - test_verify_url_001 test Completed
2026-02-16 15:00:24,451 : Test_OrangeHRM_Login_001 : test_verify_url_001 : INFO - =============================================================
2026-02-16 15:00:25,049 : Test_OrangeHRM_Login_001 : test_OrangeHRM_Login_002 : INFO - Clicking Login Button
2026-02-16 15:00:32,592 : Test_OrangeHRM_Login_001 : test_OrangeHRM_Login_002 : INFO - Login Attempt Completed
2026-02-16 15:00:35,502 : Test_OrangeHRM_Login_001 : test_OrangeHRM_Login_002 : INFO - Login Successful
2026-02-16 15:00:35,787 : Test_OrangeHRM_Login_001 : test_OrangeHRM_Login_002 : INFO - Screenshot of Passed Test Saved
2026-02-16 15:00:35,822 : Test_OrangeHRM_Login_DDT_002 : test_OrangeHRM_Login_DDT_003 : INFO - Login Successful for Username=Admin
2026-02-16 15:00:47,312 : Test_OrangeHRM_Login_DDT_002 : test_OrangeHRM_Login_DDT_003 : INFO - Test Passed for Username=Admin
2026-02-16 15:00:47,424 : Test_OrangeHRM_Login_DDT_002 : test_OrangeHRM_Login_DDT_003 : INFO - Test Data: Username=Admin1, Password=admin123, Expected Result=Login Failed
2026-02-16 15:00:47,424 : Test_OrangeHRM_Login_DDT_002 : test_OrangeHRM_Login_DDT_003 : INFO - Navigating to OrangeHRM Login Page
2026-02-16 15:00:48,068 : Test_OrangeHRM_Login_001 : test_OrangeHRM_Login_002 : INFO - test_OrangeHRM_Login_002 test Completed
2026-02-16 15:00:48,069 : Test_OrangeHRM_Login_001 : test_OrangeHRM_Login_002 : INFO - =============================================================
2026-02-16 15:00:51,220 : Test_OrangeHRM_Login_DDT_002 : test_OrangeHRM_Login_DDT_003 : INFO - OrangeHRM Login Page Loaded
2026-02-16 15:01:10,993 : Test_OrangeHRM_Login_DDT_002 : test_OrangeHRM_Login_DDT_003 : ERROR - Login Failed for Username=Admin1
2026-02-16 15:01:11,224 : Test_OrangeHRM_Login_DDT_002 : test_OrangeHRM_Login_DDT_003 : INFO - Test Passed for Username=Admin1
2026-02-16 15:01:11,277 : Test_OrangeHRM_Login_DDT_002 : test_OrangeHRM_Login_DDT_003 : INFO - Test Data: Username=Admin, Password=admin1231, Expected Result=Login Failed
2026-02-16 15:01:11,277 : Test_OrangeHRM_Login_DDT_002 : test_OrangeHRM_Login_DDT_003 : INFO - Navigating to OrangeHRM Login Page
2026-02-16 15:01:15,270 : Test_OrangeHRM_Login_DDT_002 : test_OrangeHRM_Login_DDT_003 : INFO - OrangeHRM Login Page Loaded
2026-02-16 15:01:28,386 : Test_OrangeHRM_Login_DDT_002 : test_OrangeHRM_Login_DDT_003 : ERROR - Login Failed for Username=Admin
2026-02-16 15:01:28,586 : Test_OrangeHRM_Login_DDT_002 : test_OrangeHRM_Login_DDT_003 : INFO - Test Passed for Username=Admin
2026-02-16 15:01:28,658 : Test_OrangeHRM_Login_DDT_002 : test_OrangeHRM_Login_DDT_003 : INFO - Test Data: Username=Admin1, Password=admin1231, Expected Result=Login Failed
2026-02-16 15:01:28,659 : Test_OrangeHRM_Login_DDT_002 : test_OrangeHRM_Login_DDT_003 : INFO - Navigating to OrangeHRM Login Page
2026-02-16 15:01:32,014 : Test_OrangeHRM_Login_DDT_002 : test_OrangeHRM_Login_DDT_003 : INFO - OrangeHRM Login Page Loaded
2026-02-16 15:01:45,650 : Test_OrangeHRM_Login_DDT_002 : test_OrangeHRM_Login_DDT_003 : ERROR - Login Failed for Username=Admin1
2026-02-16 15:01:45,864 : Test_OrangeHRM_Login_DDT_002 : test_OrangeHRM_Login_DDT_003 : INFO - Test Passed for Username=Admin1
2026-02-16 15:01:45,891 : Test_OrangeHRM_Login_DDT_002 : test_OrangeHRM_Login_DDT_003 : INFO - Test Results: ['Pass', 'Pass', 'Pass', 'Pass']
2026-02-16 15:01:45,892 : Test_OrangeHRM_Login_DDT_002 : test_OrangeHRM_Login_DDT_003 : INFO - test_OrangeHRM_Login_DDT_003 test Completed
2026-02-16 15:01:45,892 : Test_OrangeHRM_Login_DDT_002 : test_OrangeHRM_Login_DDT_003 : INFO - =============================================================
2026-02-16 22:20:21,693 : Test_OrangeHRM_Login_DDT_002 : test_OrangeHRM_Login_DDT_003 : INFO - Starting Test: Verify OrangeHRM Login Functionality
2026-02-16 22:20:21,711 : Test_OrangeHRM_Login_DDT_002 : test_OrangeHRM_Login_DDT_003 : INFO - Total Rows in Excel: 5
2026-02-16 22:20:21,755 : Test_OrangeHRM_Login_DDT_002 : test_OrangeHRM_Login_DDT_003 : INFO - Test Data: Username=Admin, Password=admin123, Expected Result=Login Successful
2026-02-16 22:20:21,756 : Test_OrangeHRM_Login_DDT_002 : test_OrangeHRM_Login_DDT_003 : INFO - Navigating to OrangeHRM Login Page
2026-02-16 22:20:22,155 : Test_OrangeHRM_Login_001 : test_OrangeHRM_Login_002 : INFO - Starting Test: Verify OrangeHRM Login Functionality
2026-02-16 22:20:22,155 : Test_OrangeHRM_Login_001 : test_OrangeHRM_Login_002 : INFO - Navigating to OrangeHRM Login Page
2026-02-16 22:20:22,156 : Test_OrangeHRM_Login_001 : test_verify_url_001 : INFO - Starting Test: Verify OrangeHRM Login Page URL
2026-02-16 22:20:22,156 : Test_OrangeHRM_Login_001 : test_verify_url_001 : INFO - Navigating to OrangeHRM Login Page
2026-02-16 22:20:29,328 : Test_OrangeHRM_Login_001 : test_OrangeHRM_Login_002 : INFO - OrangeHRM Login Page Loaded
2026-02-16 22:20:29,329 : Test_OrangeHRM_Login_001 : test_OrangeHRM_Login_002 : INFO - Entering Username and Password
2026-02-16 22:20:29,476 : Test_OrangeHRM_Login_DDT_002 : test_OrangeHRM_Login_DDT_003 : INFO - OrangeHRM Login Page Loaded
2026-02-16 22:20:31,161 : Test_OrangeHRM_Login_001 : test_verify_url_001 : INFO - OrangeHRM Login Page Loaded
2026-02-16 22:20:31,205 : Test_OrangeHRM_Login_001 : test_verify_url_001 : INFO - OrangeHRM Login Page URL Verified
2026-02-16 22:20:31,240 : Test_OrangeHRM_Login_001 : test_OrangeHRM_Login_002 : INFO - Clicking Login Button
2026-02-16 22:20:31,319 : Test_OrangeHRM_Login_001 : test_verify_url_001 : INFO - Screenshot of Passed Test Saved
2026-02-16 22:20:31,323 : Test_OrangeHRM_Login_001 : test_verify_url_001 : INFO - test_verify_url_001 test Completed
2026-02-16 22:20:31,324 : Test_OrangeHRM_Login_001 : test_verify_url_001 : INFO - =============================================================
2026-02-16 22:20:33,574 : Test_OrangeHRM_Login_001 : test_OrangeHRM_Login_002 : INFO - Login Attempt Completed
2026-02-16 22:20:34,119 : Test_OrangeHRM_Login_DDT_002 : test_OrangeHRM_Login_DDT_003 : INFO - Login Successful for Username=Admin
2026-02-16 22:20:34,875 : Test_OrangeHRM_Login_001 : test_OrangeHRM_Login_002 : INFO - Login Successful
2026-02-16 22:20:35,109 : Test_OrangeHRM_Login_001 : test_OrangeHRM_Login_002 : INFO - Screenshot of Passed Test Saved
2026-02-16 22:20:40,309 : Test_OrangeHRM_Login_001 : test_OrangeHRM_Login_002 : INFO - test_OrangeHRM_Login_002 test Completed
2026-02-16 22:20:40,310 : Test_OrangeHRM_Login_001 : test_OrangeHRM_Login_002 : INFO - =============================================================
2026-02-16 22:20:40,588 : Test_OrangeHRM_Login_DDT_002 : test_OrangeHRM_Login_DDT_003 : INFO - Test Passed for Username=Admin
2026-02-16 22:20:40,660 : Test_OrangeHRM_Login_DDT_002 : test_OrangeHRM_Login_DDT_003 : INFO - Test Data: Username=Admin1, Password=admin123, Expected Result=Login Failed
2026-02-16 22:20:40,660 : Test_OrangeHRM_Login_DDT_002 : test_OrangeHRM_Login_DDT_003 : INFO - Navigating to OrangeHRM Login Page
2026-02-16 22:20:41,824 : Test_OrangeHRM_Login_DDT_002 : test_OrangeHRM_Login_DDT_003 : INFO - OrangeHRM Login Page Loaded
2026-02-16 22:20:53,332 : Test_OrangeHRM_Login_DDT_002 : test_OrangeHRM_Login_DDT_003 : ERROR - Login Failed for Username=Admin1
2026-02-16 22:20:53,430 : Test_OrangeHRM_Login_DDT_002 : test_OrangeHRM_Login_DDT_003 : INFO - Test Passed for Username=Admin1
2026-02-16 22:20:53,475 : Test_OrangeHRM_Login_DDT_002 : test_OrangeHRM_Login_DDT_003 : INFO - Test Data: Username=Admin, Password=admin1231, Expected Result=Login Failed
2026-02-16 22:20:53,475 : Test_OrangeHRM_Login_DDT_002 : test_OrangeHRM_Login_DDT_003 : INFO - Navigating to OrangeHRM Login Page
2026-02-16 22:20:54,206 : Test_OrangeHRM_Login_DDT_002 : test_OrangeHRM_Login_DDT_003 : INFO - OrangeHRM Login Page Loaded
2026-02-16 22:21:05,902 : Test_OrangeHRM_Login_DDT_002 : test_OrangeHRM_Login_DDT_003 : ERROR - Login Failed for Username=Admin
2026-02-16 22:21:05,997 : Test_OrangeHRM_Login_DDT_002 : test_OrangeHRM_Login_DDT_003 : INFO - Test Passed for Username=Admin
2026-02-16 22:21:06,032 : Test_OrangeHRM_Login_DDT_002 : test_OrangeHRM_Login_DDT_003 : INFO - Test Data: Username=Admin1, Password=admin1231, Expected Result=Login Failed
2026-02-16 22:21:06,032 : Test_OrangeHRM_Login_DDT_002 : test_OrangeHRM_Login_DDT_003 : INFO - Navigating to OrangeHRM Login Page
2026-02-16 22:21:06,726 : Test_OrangeHRM_Login_DDT_002 : test_OrangeHRM_Login_DDT_003 : INFO - OrangeHRM Login Page Loaded
2026-02-16 22:21:19,694 : Test_OrangeHRM_Login_DDT_002 : test_OrangeHRM_Login_DDT_003 : ERROR - Login Failed for Username=Admin1
2026-02-16 22:21:19,780 : Test_OrangeHRM_Login_DDT_002 : test_OrangeHRM_Login_DDT_003 : INFO - Test Passed for Username=Admin1
2026-02-16 22:21:19,796 : Test_OrangeHRM_Login_DDT_002 : test_OrangeHRM_Login_DDT_003 : INFO - Test Results: ['Pass', 'Pass', 'Pass', 'Pass']
2026-02-16 22:21:19,796 : Test_OrangeHRM_Login_DDT_002 : test_OrangeHRM_Login_DDT_003 : INFO - test_OrangeHRM_Login_DDT_003 test Completed
2026-02-16 22:21:19,796 : Test_OrangeHRM_Login_DDT_002 : test_OrangeHRM_Login_DDT_003 : INFO - =============================================================
2026-02-16 22:25:09,914 : Test_OrangeHRM_Login_001 : test_verify_url_001 : INFO - Starting Test: Verify OrangeHRM Login Page URL
2026-02-16 22:25:09,915 : Test_OrangeHRM_Login_001 : test_verify_url_001 : INFO - Navigating to OrangeHRM Login Page
2026-02-16 22:25:09,995 : Test_OrangeHRM_Login_DDT_002 : test_OrangeHRM_Login_DDT_003 : INFO - Starting Test: Verify OrangeHRM Login Functionality
2026-02-16 22:25:09,998 : Test_OrangeHRM_Login_001 : test_OrangeHRM_Login_002 : INFO - Starting Test: Verify OrangeHRM Login Functionality
2026-02-16 22:25:09,999 : Test_OrangeHRM_Login_001 : test_OrangeHRM_Login_002 : INFO - Navigating to OrangeHRM Login Page
2026-02-16 22:25:10,016 : Test_OrangeHRM_Login_DDT_002 : test_OrangeHRM_Login_DDT_003 : INFO - Total Rows in Excel: 5
2026-02-16 22:25:10,074 : Test_OrangeHRM_Login_DDT_002 : test_OrangeHRM_Login_DDT_003 : INFO - Test Data: Username=Admin, Password=admin123, Expected Result=Login Successful
2026-02-16 22:25:10,074 : Test_OrangeHRM_Login_DDT_002 : test_OrangeHRM_Login_DDT_003 : INFO - Navigating to OrangeHRM Login Page
2026-02-16 22:25:11,389 : Test_OrangeHRM_Login_001 : test_verify_url_001 : INFO - OrangeHRM Login Page Loaded
2026-02-16 22:25:15,782 : Test_OrangeHRM_Login_001 : test_verify_url_001 : INFO - OrangeHRM Login Page URL Verified
2026-02-16 22:25:15,905 : Test_OrangeHRM_Login_001 : test_verify_url_001 : INFO - Screenshot of Passed Test Saved
2026-02-16 22:25:15,909 : Test_OrangeHRM_Login_001 : test_verify_url_001 : INFO - test_verify_url_001 test Completed
2026-02-16 22:25:15,909 : Test_OrangeHRM_Login_001 : test_verify_url_001 : INFO - =============================================================
2026-02-16 22:25:16,113 : Test_OrangeHRM_Login_001 : test_OrangeHRM_Login_002 : INFO - OrangeHRM Login Page Loaded
2026-02-16 22:25:16,113 : Test_OrangeHRM_Login_001 : test_OrangeHRM_Login_002 : INFO - Entering Username and Password
2026-02-16 22:25:16,943 : Test_OrangeHRM_Login_DDT_002 : test_OrangeHRM_Login_DDT_003 : INFO - OrangeHRM Login Page Loaded
2026-02-16 22:25:17,374 : Test_OrangeHRM_Login_001 : test_OrangeHRM_Login_002 : INFO - Clicking Login Button
2026-02-16 22:25:19,391 : Test_OrangeHRM_Login_001 : test_OrangeHRM_Login_002 : INFO - Login Attempt Completed
2026-02-16 22:25:20,481 : Test_OrangeHRM_Login_001 : test_OrangeHRM_Login_002 : INFO - Login Successful
2026-02-16 22:25:20,632 : Test_OrangeHRM_Login_001 : test_OrangeHRM_Login_002 : INFO - Screenshot of Passed Test Saved
2026-02-16 22:25:21,395 : Test_OrangeHRM_Login_DDT_002 : test_OrangeHRM_Login_DDT_003 : INFO - Login Successful for Username=Admin
2026-02-16 22:25:25,023 : Test_OrangeHRM_Login_DDT_002 : test_OrangeHRM_Login_DDT_003 : INFO - Test Passed for Username=Admin
2026-02-16 22:25:25,090 : Test_OrangeHRM_Login_DDT_002 : test_OrangeHRM_Login_DDT_003 : INFO - Test Data: Username=Admin1, Password=admin123, Expected Result=Login Failed
2026-02-16 22:25:25,090 : Test_OrangeHRM_Login_DDT_002 : test_OrangeHRM_Login_DDT_003 : INFO - Navigating to OrangeHRM Login Page
2026-02-16 22:25:25,761 : Test_OrangeHRM_Login_DDT_002 : test_OrangeHRM_Login_DDT_003 : INFO - OrangeHRM Login Page Loaded
2026-02-16 22:25:26,309 : Test_OrangeHRM_Login_001 : test_OrangeHRM_Login_002 : INFO - test_OrangeHRM_Login_002 test Completed
2026-02-16 22:25:26,310 : Test_OrangeHRM_Login_001 : test_OrangeHRM_Login_002 : INFO - =============================================================
2026-02-16 22:25:38,629 : Test_OrangeHRM_Login_DDT_002 : test_OrangeHRM_Login_DDT_003 : ERROR - Login Failed for Username=Admin1
2026-02-16 22:25:38,724 : Test_OrangeHRM_Login_DDT_002 : test_OrangeHRM_Login_DDT_003 : INFO - Test Passed for Username=Admin1
2026-02-16 22:25:38,764 : Test_OrangeHRM_Login_DDT_002 : test_OrangeHRM_Login_DDT_003 : INFO - Test Data: Username=Admin, Password=admin1231, Expected Result=Login Failed
2026-02-16 22:25:38,765 : Test_OrangeHRM_Login_DDT_002 : test_OrangeHRM_Login_DDT_003 : INFO - Navigating to OrangeHRM Login Page
2026-02-16 22:25:39,503 : Test_OrangeHRM_Login_DDT_002 : test_OrangeHRM_Login_DDT_003 : INFO - OrangeHRM Login Page Loaded
2026-02-16 22:25:51,206 : Test_OrangeHRM_Login_DDT_002 : test_OrangeHRM_Login_DDT_003 : ERROR - Login Failed for Username=Admin
2026-02-16 22:25:51,303 : Test_OrangeHRM_Login_DDT_002 : test_OrangeHRM_Login_DDT_003 : INFO - Test Passed for Username=Admin
2026-02-16 22:25:51,332 : Test_OrangeHRM_Login_DDT_002 : test_OrangeHRM_Login_DDT_003 : INFO - Test Data: Username=Admin1, Password=admin1231, Expected Result=Login Failed
2026-02-16 22:25:51,332 : Test_OrangeHRM_Login_DDT_002 : test_OrangeHRM_Login_DDT_003 : INFO - Navigating to OrangeHRM Login Page
2026-02-16 22:25:52,096 : Test_OrangeHRM_Login_DDT_002 : test_OrangeHRM_Login_DDT_003 : INFO - OrangeHRM Login Page Loaded
2026-02-16 22:26:05,443 : Test_OrangeHRM_Login_DDT_002 : test_OrangeHRM_Login_DDT_003 : ERROR - Login Failed for Username=Admin1
2026-02-16 22:26:05,532 : Test_OrangeHRM_Login_DDT_002 : test_OrangeHRM_Login_DDT_003 : INFO - Test Passed for Username=Admin1
2026-02-16 22:26:05,547 : Test_OrangeHRM_Login_DDT_002 : test_OrangeHRM_Login_DDT_003 : INFO - Test Results: ['Pass', 'Pass', 'Pass', 'Pass']
2026-02-16 22:26:05,547 : Test_OrangeHRM_Login_DDT_002 : test_OrangeHRM_Login_DDT_003 : INFO - test_OrangeHRM_Login_DDT_003 test Completed
2026-02-16 22:26:05,547 : Test_OrangeHRM_Login_DDT_002 : test_OrangeHRM_Login_DDT_003 : INFO - =============================================================
2026-02-16 22:48:14,610 : Test_OrangeHRM_Login_001 : test_verify_url_001 : INFO - Starting Test: Verify OrangeHRM Login Page URL
2026-02-16 22:48:14,612 : Test_OrangeHRM_Login_001 : test_verify_url_001 : INFO - Navigating to OrangeHRM Login Page
2026-02-16 22:48:14,968 : Test_OrangeHRM_Login_DDT_002 : test_OrangeHRM_Login_DDT_003 : INFO - Starting Test: Verify OrangeHRM Login Functionality
2026-02-16 22:48:14,989 : Test_OrangeHRM_Login_DDT_002 : test_OrangeHRM_Login_DDT_003 : INFO - Total Rows in Excel: 5
2026-02-16 22:48:15,030 : Test_OrangeHRM_Login_DDT_002 : test_OrangeHRM_Login_DDT_003 : INFO - Test Data: Username=Admin, Password=admin123, Expected Result=Login Successful
2026-02-16 22:48:15,030 : Test_OrangeHRM_Login_DDT_002 : test_OrangeHRM_Login_DDT_003 : INFO - Navigating to OrangeHRM Login Page
2026-02-16 22:48:15,045 : Test_OrangeHRM_Login_001 : test_OrangeHRM_Login_002 : INFO - Starting Test: Verify OrangeHRM Login Functionality
2026-02-16 22:48:15,045 : Test_OrangeHRM_Login_001 : test_OrangeHRM_Login_002 : INFO - Navigating to OrangeHRM Login Page
2026-02-16 22:48:16,866 : Test_OrangeHRM_Login_001 : test_verify_url_001 : INFO - OrangeHRM Login Page Loaded
2026-02-16 22:48:16,955 : Test_OrangeHRM_Login_001 : test_OrangeHRM_Login_002 : INFO - OrangeHRM Login Page Loaded
2026-02-16 22:48:16,955 : Test_OrangeHRM_Login_001 : test_OrangeHRM_Login_002 : INFO - Entering Username and Password
2026-02-16 22:48:21,180 : Test_OrangeHRM_Login_001 : test_verify_url_001 : INFO - OrangeHRM Login Page URL Verified
2026-02-16 22:48:21,300 : Test_OrangeHRM_Login_001 : test_verify_url_001 : INFO - Screenshot of Passed Test Saved
2026-02-16 22:48:21,306 : Test_OrangeHRM_Login_001 : test_verify_url_001 : INFO - test_verify_url_001 test Completed
2026-02-16 22:48:21,306 : Test_OrangeHRM_Login_001 : test_verify_url_001 : INFO - =============================================================
2026-02-16 22:48:22,052 : Test_OrangeHRM_Login_DDT_002 : test_OrangeHRM_Login_DDT_003 : INFO - OrangeHRM Login Page Loaded
2026-02-16 22:48:28,117 : Test_OrangeHRM_Login_001 : test_OrangeHRM_Login_002 : INFO - Starting Test: Verify OrangeHRM Login Functionality
2026-02-16 22:48:28,117 : Test_OrangeHRM_Login_001 : test_OrangeHRM_Login_002 : INFO - Navigating to OrangeHRM Login Page
2026-02-16 22:48:29,600 : Test_OrangeHRM_Login_001 : test_OrangeHRM_Login_002 : INFO - OrangeHRM Login Page Loaded
2026-02-16 22:48:29,600 : Test_OrangeHRM_Login_001 : test_OrangeHRM_Login_002 : INFO - Entering Username and Password
2026-02-16 22:49:07,016 : Test_OrangeHRM_Login_001 : test_OrangeHRM_Login_002 : INFO - Starting Test: Verify OrangeHRM Login Functionality
2026-02-16 22:49:07,017 : Test_OrangeHRM_Login_001 : test_OrangeHRM_Login_002 : INFO - Navigating to OrangeHRM Login Page
2026-02-16 22:49:07,711 : Test_OrangeHRM_Login_001 : test_verify_url_001 : INFO - Starting Test: Verify OrangeHRM Login Page URL
2026-02-16 22:49:07,711 : Test_OrangeHRM_Login_001 : test_verify_url_001 : INFO - Navigating to OrangeHRM Login Page
2026-02-16 22:49:08,707 : Test_OrangeHRM_Login_DDT_002 : test_OrangeHRM_Login_DDT_003 : INFO - Starting Test: Verify OrangeHRM Login Functionality
2026-02-16 22:49:08,722 : Test_OrangeHRM_Login_DDT_002 : test_OrangeHRM_Login_DDT_003 : INFO - Total Rows in Excel: 5
2026-02-16 22:49:08,759 : Test_OrangeHRM_Login_DDT_002 : test_OrangeHRM_Login_DDT_003 : INFO - Test Data: Username=Admin, Password=admin123, Expected Result=Login Successful
2026-02-16 22:49:08,759 : Test_OrangeHRM_Login_DDT_002 : test_OrangeHRM_Login_DDT_003 : INFO - Navigating to OrangeHRM Login Page
2026-02-16 22:49:13,452 : Test_OrangeHRM_Login_001 : test_OrangeHRM_Login_002 : INFO - OrangeHRM Login Page Loaded
2026-02-16 22:49:13,453 : Test_OrangeHRM_Login_001 : test_OrangeHRM_Login_002 : INFO - Entering Username and Password
2026-02-16 22:49:15,061 : Test_OrangeHRM_Login_001 : test_verify_url_001 : INFO - OrangeHRM Login Page Loaded
2026-02-16 22:49:15,074 : Test_OrangeHRM_Login_001 : test_verify_url_001 : INFO - OrangeHRM Login Page URL Verified
2026-02-16 22:49:15,182 : Test_OrangeHRM_Login_001 : test_verify_url_001 : INFO - Screenshot of Passed Test Saved
2026-02-16 22:49:15,184 : Test_OrangeHRM_Login_001 : test_verify_url_001 : INFO - test_verify_url_001 test Completed
2026-02-16 22:49:15,185 : Test_OrangeHRM_Login_001 : test_verify_url_001 : INFO - =============================================================
2026-02-16 22:49:16,361 : Test_OrangeHRM_Login_DDT_002 : test_OrangeHRM_Login_DDT_003 : INFO - OrangeHRM Login Page Loaded
2026-02-16 22:49:24,730 : Test_OrangeHRM_Login_001 : test_OrangeHRM_Login_002 : INFO - Starting Test: Verify OrangeHRM Login Functionality
2026-02-16 22:49:24,730 : Test_OrangeHRM_Login_001 : test_OrangeHRM_Login_002 : INFO - Navigating to OrangeHRM Login Page
2026-02-16 22:49:27,587 : Test_OrangeHRM_Login_001 : test_OrangeHRM_Login_002 : INFO - OrangeHRM Login Page Loaded
2026-02-16 22:49:27,587 : Test_OrangeHRM_Login_001 : test_OrangeHRM_Login_002 : INFO - Entering Username and Password
2026-02-16 22:50:16,160 : Test_OrangeHRM_Login_001 : test_verify_url_001 : INFO - Starting Test: Verify OrangeHRM Login Page URL
2026-02-16 22:50:16,161 : Test_OrangeHRM_Login_001 : test_verify_url_001 : INFO - Navigating to OrangeHRM Login Page
2026-02-16 22:50:17,588 : Test_OrangeHRM_Login_DDT_002 : test_OrangeHRM_Login_DDT_003 : INFO - Starting Test: Verify OrangeHRM Login Functionality
2026-02-16 22:50:17,605 : Test_OrangeHRM_Login_DDT_002 : test_OrangeHRM_Login_DDT_003 : INFO - Total Rows in Excel: 5
2026-02-16 22:50:17,635 : Test_OrangeHRM_Login_DDT_002 : test_OrangeHRM_Login_DDT_003 : INFO - Test Data: Username=Admin, Password=admin123, Expected Result=Login Successful
2026-02-16 22:50:17,635 : Test_OrangeHRM_Login_DDT_002 : test_OrangeHRM_Login_DDT_003 : INFO - Navigating to OrangeHRM Login Page
2026-02-16 22:50:17,648 : Test_OrangeHRM_Login_001 : test_OrangeHRM_Login_002 : INFO - Starting Test: Verify OrangeHRM Login Functionality
2026-02-16 22:50:17,648 : Test_OrangeHRM_Login_001 : test_OrangeHRM_Login_002 : INFO - Navigating to OrangeHRM Login Page
2026-02-16 22:50:22,508 : Test_OrangeHRM_Login_001 : test_verify_url_001 : INFO - OrangeHRM Login Page Loaded
2026-02-16 22:50:22,519 : Test_OrangeHRM_Login_001 : test_verify_url_001 : INFO - OrangeHRM Login Page URL Verified
2026-02-16 22:50:22,627 : Test_OrangeHRM_Login_001 : test_verify_url_001 : INFO - Screenshot of Passed Test Saved
2026-02-16 22:50:22,631 : Test_OrangeHRM_Login_001 : test_verify_url_001 : INFO - test_verify_url_001 test Completed
2026-02-16 22:50:22,631 : Test_OrangeHRM_Login_001 : test_verify_url_001 : INFO - =============================================================
2026-02-16 22:50:23,423 : Test_OrangeHRM_Login_DDT_002 : test_OrangeHRM_Login_DDT_003 : INFO - OrangeHRM Login Page Loaded
2026-02-16 22:50:23,792 : Test_OrangeHRM_Login_001 : test_OrangeHRM_Login_002 : INFO - OrangeHRM Login Page Loaded
2026-02-16 22:50:23,793 : Test_OrangeHRM_Login_001 : test_OrangeHRM_Login_002 : INFO - Entering Username and Password
2026-02-16 22:50:35,141 : Test_OrangeHRM_Login_001 : test_OrangeHRM_Login_002 : INFO - Starting Test: Verify OrangeHRM Login Functionality
2026-02-16 22:50:35,141 : Test_OrangeHRM_Login_001 : test_OrangeHRM_Login_002 : INFO - Navigating to OrangeHRM Login Page
2026-02-16 22:50:36,606 : Test_OrangeHRM_Login_001 : test_OrangeHRM_Login_002 : INFO - OrangeHRM Login Page Loaded
2026-02-16 22:50:36,606 : Test_OrangeHRM_Login_001 : test_OrangeHRM_Login_002 : INFO - Entering Username and Password
2026-02-16 22:51:23,528 : Test_OrangeHRM_Login_001 : test_verify_url_001 : INFO - Starting Test: Verify OrangeHRM Login Page URL
2026-02-16 22:51:23,528 : Test_OrangeHRM_Login_001 : test_verify_url_001 : INFO - Navigating to OrangeHRM Login Page
2026-02-16 22:51:24,282 : Test_OrangeHRM_Login_001 : test_OrangeHRM_Login_002 : INFO - Starting Test: Verify OrangeHRM Login Functionality
2026-02-16 22:51:24,282 : Test_OrangeHRM_Login_001 : test_OrangeHRM_Login_002 : INFO - Navigating to OrangeHRM Login Page
2026-02-16 22:51:24,676 : Test_OrangeHRM_Login_DDT_002 : test_OrangeHRM_Login_DDT_003 : INFO - Starting Test: Verify OrangeHRM Login Functionality
2026-02-16 22:51:24,692 : Test_OrangeHRM_Login_DDT_002 : test_OrangeHRM_Login_DDT_003 : INFO - Total Rows in Excel: 5
2026-02-16 22:51:24,740 : Test_OrangeHRM_Login_DDT_002 : test_OrangeHRM_Login_DDT_003 : INFO - Test Data: Username=Admin, Password=admin123, Expected Result=Login Successful
2026-02-16 22:51:24,740 : Test_OrangeHRM_Login_DDT_002 : test_OrangeHRM_Login_DDT_003 : INFO - Navigating to OrangeHRM Login Page
2026-02-16 22:51:29,287 : Test_OrangeHRM_Login_001 : test_verify_url_001 : INFO - OrangeHRM Login Page Loaded
2026-02-16 22:51:29,300 : Test_OrangeHRM_Login_001 : test_verify_url_001 : INFO - OrangeHRM Login Page URL Verified
2026-02-16 22:51:29,402 : Test_OrangeHRM_Login_001 : test_verify_url_001 : INFO - Screenshot of Passed Test Saved
2026-02-16 22:51:29,406 : Test_OrangeHRM_Login_001 : test_verify_url_001 : INFO - test_verify_url_001 test Completed
2026-02-16 22:51:29,406 : Test_OrangeHRM_Login_001 : test_verify_url_001 : INFO - =============================================================
2026-02-16 22:51:30,761 : Test_OrangeHRM_Login_001 : test_OrangeHRM_Login_002 : INFO - OrangeHRM Login Page Loaded
2026-02-16 22:51:30,761 : Test_OrangeHRM_Login_001 : test_OrangeHRM_Login_002 : INFO - Entering Username and Password
2026-02-16 22:51:31,262 : Test_OrangeHRM_Login_DDT_002 : test_OrangeHRM_Login_DDT_003 : INFO - OrangeHRM Login Page Loaded
2026-02-16 22:51:42,244 : Test_OrangeHRM_Login_001 : test_OrangeHRM_Login_002 : INFO - Starting Test: Verify OrangeHRM Login Functionality
2026-02-16 22:51:42,245 : Test_OrangeHRM_Login_001 : test_OrangeHRM_Login_002 : INFO - Navigating to OrangeHRM Login Page
2026-02-16 22:51:43,849 : Test_OrangeHRM_Login_001 : test_OrangeHRM_Login_002 : INFO - OrangeHRM Login Page Loaded
2026-02-16 22:51:43,849 : Test_OrangeHRM_Login_001 : test_OrangeHRM_Login_002 : INFO - Entering Username and Password
2026-02-16 22:55:20,977 : Test_OrangeHRM_Login_DDT_002 : test_OrangeHRM_Login_DDT_003 : INFO - Starting Test: Verify OrangeHRM Login Functionality
2026-02-16 22:55:20,993 : Test_OrangeHRM_Login_DDT_002 : test_OrangeHRM_Login_DDT_003 : INFO - Total Rows in Excel: 5
2026-02-16 22:55:21,047 : Test_OrangeHRM_Login_DDT_002 : test_OrangeHRM_Login_DDT_003 : INFO - Test Data: Username=Admin, Password=admin123, Expected Result=Login Successful
2026-02-16 22:55:21,047 : Test_OrangeHRM_Login_DDT_002 : test_OrangeHRM_Login_DDT_003 : INFO - Navigating to OrangeHRM Login Page
2026-02-16 22:55:27,600 : Test_OrangeHRM_Login_DDT_002 : test_OrangeHRM_Login_DDT_003 : INFO - OrangeHRM Login Page Loaded
2026-02-16 22:56:25,577 : Test_OrangeHRM_Login_001 : test_verify_url_001 : INFO - Starting Test: Verify OrangeHRM Login Page URL
2026-02-16 22:56:25,578 : Test_OrangeHRM_Login_001 : test_verify_url_001 : INFO - Navigating to OrangeHRM Login Page
2026-02-16 22:56:27,596 : Test_OrangeHRM_Login_001 : test_OrangeHRM_Login_002 : INFO - Starting Test: Verify OrangeHRM Login Functionality
2026-02-16 22:56:27,596 : Test_OrangeHRM_Login_001 : test_OrangeHRM_Login_002 : INFO - Navigating to OrangeHRM Login Page
2026-02-16 22:56:27,835 : Test_OrangeHRM_Login_DDT_002 : test_OrangeHRM_Login_DDT_003 : INFO - Starting Test: Verify OrangeHRM Login Functionality
2026-02-16 22:56:27,847 : Test_OrangeHRM_Login_DDT_002 : test_OrangeHRM_Login_DDT_003 : INFO - Total Rows in Excel: 5
2026-02-16 22:56:27,882 : Test_OrangeHRM_Login_DDT_002 : test_OrangeHRM_Login_DDT_003 : INFO - Test Data: Username=Admin, Password=admin123, Expected Result=Login Successful
2026-02-16 22:56:27,883 : Test_OrangeHRM_Login_DDT_002 : test_OrangeHRM_Login_DDT_003 : INFO - Navigating to OrangeHRM Login Page
2026-02-16 22:56:33,639 : Test_OrangeHRM_Login_001 : test_OrangeHRM_Login_002 : INFO - OrangeHRM Login Page Loaded
2026-02-16 22:56:33,639 : Test_OrangeHRM_Login_001 : test_OrangeHRM_Login_002 : INFO - Entering Username and Password
2026-02-16 22:56:34,062 : Test_OrangeHRM_Login_001 : test_verify_url_001 : INFO - OrangeHRM Login Page Loaded
2026-02-16 22:56:34,077 : Test_OrangeHRM_Login_001 : test_verify_url_001 : INFO - OrangeHRM Login Page URL Verified
2026-02-16 22:56:34,184 : Test_OrangeHRM_Login_001 : test_verify_url_001 : INFO - Screenshot of Passed Test Saved
2026-02-16 22:56:34,187 : Test_OrangeHRM_Login_001 : test_verify_url_001 : INFO - test_verify_url_001 test Completed
2026-02-16 22:56:34,187 : Test_OrangeHRM_Login_001 : test_verify_url_001 : INFO - =============================================================
2026-02-16 22:56:34,328 : Test_OrangeHRM_Login_DDT_002 : test_OrangeHRM_Login_DDT_003 : INFO - OrangeHRM Login Page Loaded
2026-02-16 22:56:44,963 : Test_OrangeHRM_Login_001 : test_OrangeHRM_Login_002 : INFO - Starting Test: Verify OrangeHRM Login Functionality
2026-02-16 22:56:44,963 : Test_OrangeHRM_Login_001 : test_OrangeHRM_Login_002 : INFO - Navigating to OrangeHRM Login Page
2026-02-16 22:56:46,468 : Test_OrangeHRM_Login_001 : test_OrangeHRM_Login_002 : INFO - OrangeHRM Login Page Loaded
2026-02-16 22:56:46,468 : Test_OrangeHRM_Login_001 : test_OrangeHRM_Login_002 : INFO - Entering Username and Password
2026-02-16 23:02:14,279 : Test_OrangeHRM_Login_001 : test_verify_url_001 : INFO - Starting Test: Verify OrangeHRM Login Page URL
2026-02-16 23:02:14,279 : Test_OrangeHRM_Login_001 : test_verify_url_001 : INFO - Navigating to OrangeHRM Login Page
2026-02-16 23:02:15,736 : Test_OrangeHRM_Login_001 : test_OrangeHRM_Login_002 : INFO - Starting Test: Verify OrangeHRM Login Functionality
2026-02-16 23:02:15,737 : Test_OrangeHRM_Login_001 : test_OrangeHRM_Login_002 : INFO - Navigating to OrangeHRM Login Page
2026-02-16 23:02:16,112 : Test_OrangeHRM_Login_DDT_002 : test_OrangeHRM_Login_DDT_003 : INFO - Starting Test: Verify OrangeHRM Login Functionality
2026-02-16 23:02:16,125 : Test_OrangeHRM_Login_DDT_002 : test_OrangeHRM_Login_DDT_003 : INFO - Total Rows in Excel: 5
2026-02-16 23:02:16,156 : Test_OrangeHRM_Login_DDT_002 : test_OrangeHRM_Login_DDT_003 : INFO - Test Data: Username=Admin, Password=admin123, Expected Result=Login Successful
2026-02-16 23:02:16,156 : Test_OrangeHRM_Login_DDT_002 : test_OrangeHRM_Login_DDT_003 : INFO - Navigating to OrangeHRM Login Page
2026-02-16 23:02:17,315 : Test_OrangeHRM_Login_001 : test_OrangeHRM_Login_002 : INFO - OrangeHRM Login Page Loaded
2026-02-16 23:02:17,316 : Test_OrangeHRM_Login_001 : test_OrangeHRM_Login_002 : INFO - Entering Username and Password
2026-02-16 23:02:21,561 : Test_OrangeHRM_Login_001 : test_verify_url_001 : INFO - OrangeHRM Login Page Loaded
2026-02-16 23:02:21,571 : Test_OrangeHRM_Login_001 : test_verify_url_001 : INFO - OrangeHRM Login Page URL Verified
2026-02-16 23:02:21,665 : Test_OrangeHRM_Login_001 : test_verify_url_001 : INFO - Screenshot of Passed Test Saved
2026-02-16 23:02:21,668 : Test_OrangeHRM_Login_001 : test_verify_url_001 : INFO - test_verify_url_001 test Completed
2026-02-16 23:02:21,668 : Test_OrangeHRM_Login_001 : test_verify_url_001 : INFO - =============================================================
2026-02-16 23:02:22,756 : Test_OrangeHRM_Login_DDT_002 : test_OrangeHRM_Login_DDT_003 : INFO - OrangeHRM Login Page Loaded
2026-02-16 23:02:28,704 : Test_OrangeHRM_Login_001 : test_OrangeHRM_Login_002 : INFO - Starting Test: Verify OrangeHRM Login Functionality
2026-02-16 23:02:28,705 : Test_OrangeHRM_Login_001 : test_OrangeHRM_Login_002 : INFO - Navigating to OrangeHRM Login Page
2026-02-16 23:02:29,808 : Test_OrangeHRM_Login_001 : test_OrangeHRM_Login_002 : INFO - OrangeHRM Login Page Loaded
2026-02-16 23:02:29,808 : Test_OrangeHRM_Login_001 : test_OrangeHRM_Login_002 : INFO - Entering Username and Password
2026-02-16 23:05:36,693 : Test_OrangeHRM_Login_001 : test_verify_url_001 : INFO - Starting Test: Verify OrangeHRM Login Page URL
2026-02-16 23:05:36,693 : Test_OrangeHRM_Login_001 : test_verify_url_001 : INFO - Navigating to OrangeHRM Login Page
2026-02-16 23:05:38,193 : Test_OrangeHRM_Login_DDT_002 : test_OrangeHRM_Login_DDT_003 : INFO - Starting Test: Verify OrangeHRM Login Functionality
2026-02-16 23:05:38,210 : Test_OrangeHRM_Login_DDT_002 : test_OrangeHRM_Login_DDT_003 : INFO - Total Rows in Excel: 5
2026-02-16 23:05:38,256 : Test_OrangeHRM_Login_DDT_002 : test_OrangeHRM_Login_DDT_003 : INFO - Test Data: Username=Admin, Password=admin123, Expected Result=Login Successful
2026-02-16 23:05:38,257 : Test_OrangeHRM_Login_DDT_002 : test_OrangeHRM_Login_DDT_003 : INFO - Navigating to OrangeHRM Login Page
2026-02-16 23:05:38,294 : Test_OrangeHRM_Login_001 : test_OrangeHRM_Login_002 : INFO - Starting Test: Verify OrangeHRM Login Functionality
2026-02-16 23:05:38,294 : Test_OrangeHRM_Login_001 : test_OrangeHRM_Login_002 : INFO - Navigating to OrangeHRM Login Page
2026-02-16 23:05:43,155 : Test_OrangeHRM_Login_001 : test_verify_url_001 : INFO - OrangeHRM Login Page Loaded
2026-02-16 23:05:43,176 : Test_OrangeHRM_Login_001 : test_verify_url_001 : INFO - OrangeHRM Login Page URL Verified
2026-02-16 23:05:43,281 : Test_OrangeHRM_Login_001 : test_verify_url_001 : INFO - Screenshot of Passed Test Saved
2026-02-16 23:05:43,286 : Test_OrangeHRM_Login_001 : test_verify_url_001 : INFO - test_verify_url_001 test Completed
2026-02-16 23:05:43,287 : Test_OrangeHRM_Login_001 : test_verify_url_001 : INFO - =============================================================
2026-02-16 23:05:44,043 : Test_OrangeHRM_Login_DDT_002 : test_OrangeHRM_Login_DDT_003 : INFO - OrangeHRM Login Page Loaded
2026-02-16 23:05:45,114 : Test_OrangeHRM_Login_001 : test_OrangeHRM_Login_002 : INFO - OrangeHRM Login Page Loaded
2026-02-16 23:05:45,115 : Test_OrangeHRM_Login_001 : test_OrangeHRM_Login_002 : INFO - Entering Username and Password
2026-02-16 23:05:56,512 : Test_OrangeHRM_Login_001 : test_OrangeHRM_Login_002 : INFO - Starting Test: Verify OrangeHRM Login Functionality
2026-02-16 23:05:56,512 : Test_OrangeHRM_Login_001 : test_OrangeHRM_Login_002 : INFO - Navigating to OrangeHRM Login Page
2026-02-16 23:05:57,411 : Test_OrangeHRM_Login_001 : test_OrangeHRM_Login_002 : INFO - OrangeHRM Login Page Loaded
2026-02-16 23:05:57,411 : Test_OrangeHRM_Login_001 : test_OrangeHRM_Login_002 : INFO - Entering Username and Password
2026-02-16 23:57:17,394 : Test_OrangeHRM_Login_001 : test_OrangeHRM_Login_002 : INFO - Starting Test: Verify OrangeHRM Login Functionality
2026-02-16 23:57:17,395 : Test_OrangeHRM_Login_001 : test_OrangeHRM_Login_002 : INFO - Navigating to OrangeHRM Login Page
2026-02-16 23:57:17,769 : Test_OrangeHRM_Login_001 : test_verify_url_001 : INFO - Starting Test: Verify OrangeHRM Login Page URL
2026-02-16 23:57:17,770 : Test_OrangeHRM_Login_001 : test_verify_url_001 : INFO - Navigating to OrangeHRM Login Page
2026-02-16 23:57:17,772 : Test_OrangeHRM_Login_DDT_002 : test_OrangeHRM_Login_DDT_003 : INFO - Starting Test: Verify OrangeHRM Login Functionality
2026-02-16 23:57:17,812 : Test_OrangeHRM_Login_DDT_002 : test_OrangeHRM_Login_DDT_003 : INFO - Total Rows in Excel: 5
2026-02-16 23:57:17,893 : Test_OrangeHRM_Login_DDT_002 : test_OrangeHRM_Login_DDT_003 : INFO - Test Data: Username=Admin, Password=admin123, Expected Result=Login Successful
2026-02-16 23:57:17,893 : Test_OrangeHRM_Login_DDT_002 : test_OrangeHRM_Login_DDT_003 : INFO - Navigating to OrangeHRM Login Page
2026-02-16 23:57:19,562 : Test_OrangeHRM_Login_DDT_002 : test_OrangeHRM_Login_DDT_003 : INFO - OrangeHRM Login Page Loaded
2026-02-16 23:57:19,669 : Test_OrangeHRM_Login_001 : test_OrangeHRM_Login_002 : INFO - OrangeHRM Login Page Loaded
2026-02-16 23:57:19,669 : Test_OrangeHRM_Login_001 : test_OrangeHRM_Login_002 : INFO - Entering Username and Password
2026-02-16 23:57:24,760 : Test_OrangeHRM_Login_001 : test_verify_url_001 : INFO - OrangeHRM Login Page Loaded
2026-02-16 23:57:24,772 : Test_OrangeHRM_Login_001 : test_verify_url_001 : INFO - OrangeHRM Login Page URL Verified
2026-02-16 23:57:24,901 : Test_OrangeHRM_Login_001 : test_verify_url_001 : INFO - Screenshot of Passed Test Saved
2026-02-16 23:57:24,905 : Test_OrangeHRM_Login_001 : test_verify_url_001 : INFO - test_verify_url_001 test Completed
2026-02-16 23:57:24,905 : Test_OrangeHRM_Login_001 : test_verify_url_001 : INFO - =============================================================
2026-02-16 23:57:26,134 : Test_OrangeHRM_Login_001 : test_OrangeHRM_Login_002 : INFO - Clicking Login Button
2026-02-16 23:57:26,286 : Test_OrangeHRM_Login_001 : test_OrangeHRM_Login_002 : INFO - Login Attempt Completed
2026-02-16 23:57:28,353 : Test_OrangeHRM_Login_DDT_002 : test_OrangeHRM_Login_DDT_003 : INFO - Login Successful for Username=Admin
2026-02-16 23:57:29,654 : Test_OrangeHRM_Login_001 : test_OrangeHRM_Login_002 : INFO - Login Successful
2026-02-16 23:57:29,891 : Test_OrangeHRM_Login_001 : test_OrangeHRM_Login_002 : INFO - Screenshot of Passed Test Saved
2026-02-16 23:57:31,066 : Test_OrangeHRM_Login_001 : test_OrangeHRM_Login_002 : INFO - Starting Test: Verify OrangeHRM Login Functionality
2026-02-16 23:57:31,066 : Test_OrangeHRM_Login_001 : test_OrangeHRM_Login_002 : INFO - Navigating to OrangeHRM Login Page
2026-02-16 23:57:32,410 : Test_OrangeHRM_Login_DDT_002 : test_OrangeHRM_Login_DDT_003 : INFO - Test Passed for Username=Admin
2026-02-16 23:57:32,575 : Test_OrangeHRM_Login_DDT_002 : test_OrangeHRM_Login_DDT_003 : INFO - Test Data: Username=Admin1, Password=admin123, Expected Result=Login Failed
2026-02-16 23:57:32,577 : Test_OrangeHRM_Login_DDT_002 : test_OrangeHRM_Login_DDT_003 : INFO - Navigating to OrangeHRM Login Page
2026-02-16 23:57:33,378 : Test_OrangeHRM_Login_001 : test_OrangeHRM_Login_002 : INFO - OrangeHRM Login Page Loaded
2026-02-16 23:57:33,379 : Test_OrangeHRM_Login_001 : test_OrangeHRM_Login_002 : INFO - Entering Username and Password
2026-02-16 23:57:33,503 : Test_OrangeHRM_Login_DDT_002 : test_OrangeHRM_Login_DDT_003 : INFO - OrangeHRM Login Page Loaded
2026-02-16 23:57:47,008 : Test_OrangeHRM_Login_DDT_002 : test_OrangeHRM_Login_DDT_003 : ERROR - Login Failed for Username=Admin1
2026-02-16 23:57:47,171 : Test_OrangeHRM_Login_DDT_002 : test_OrangeHRM_Login_DDT_003 : INFO - Test Passed for Username=Admin1
2026-02-16 23:57:47,540 : Test_OrangeHRM_Login_DDT_002 : test_OrangeHRM_Login_DDT_003 : INFO - Test Data: Username=Admin, Password=admin1231, Expected Result=Login Failed
2026-02-16 23:57:47,540 : Test_OrangeHRM_Login_DDT_002 : test_OrangeHRM_Login_DDT_003 : INFO - Navigating to OrangeHRM Login Page
2026-02-16 23:57:49,123 : Test_OrangeHRM_Login_DDT_002 : test_OrangeHRM_Login_DDT_003 : INFO - OrangeHRM Login Page Loaded
2026-02-16 23:58:00,892 : Test_OrangeHRM_Login_DDT_002 : test_OrangeHRM_Login_DDT_003 : ERROR - Login Failed for Username=Admin
2026-02-16 23:58:00,984 : Test_OrangeHRM_Login_DDT_002 : test_OrangeHRM_Login_DDT_003 : INFO - Test Passed for Username=Admin
2026-02-16 23:58:01,044 : Test_OrangeHRM_Login_DDT_002 : test_OrangeHRM_Login_DDT_003 : INFO - Test Data: Username=Admin1, Password=admin1231, Expected Result=Login Failed
2026-02-16 23:58:01,044 : Test_OrangeHRM_Login_DDT_002 : test_OrangeHRM_Login_DDT_003 : INFO - Navigating to OrangeHRM Login Page
2026-02-16 23:58:02,511 : Test_OrangeHRM_Login_DDT_002 : test_OrangeHRM_Login_DDT_003 : INFO - OrangeHRM Login Page Loaded
2026-02-16 23:58:15,285 : Test_OrangeHRM_Login_DDT_002 : test_OrangeHRM_Login_DDT_003 : ERROR - Login Failed for Username=Admin1
2026-02-16 23:58:15,384 : Test_OrangeHRM_Login_DDT_002 : test_OrangeHRM_Login_DDT_003 : INFO - Test Passed for Username=Admin1
2026-02-16 23:58:15,417 : Test_OrangeHRM_Login_DDT_002 : test_OrangeHRM_Login_DDT_003 : INFO - Test Results: ['Pass', 'Pass', 'Pass', 'Pass']
2026-02-16 23:58:15,418 : Test_OrangeHRM_Login_DDT_002 : test_OrangeHRM_Login_DDT_003 : INFO - test_OrangeHRM_Login_DDT_003 test Completed
2026-02-16 23:58:15,418 : Test_OrangeHRM_Login_DDT_002 : test_OrangeHRM_Login_DDT_003 : INFO - =============================================================
2026-02-17 00:00:20,529 : Test_OrangeHRM_Login_001 : test_verify_url_001 : INFO - Starting Test: Verify OrangeHRM Login Page URL
2026-02-17 00:00:20,529 : Test_OrangeHRM_Login_001 : test_verify_url_001 : INFO - Navigating to OrangeHRM Login Page
2026-02-17 00:00:21,492 : Test_OrangeHRM_Login_001 : test_OrangeHRM_Login_002 : INFO - Starting Test: Verify OrangeHRM Login Functionality
2026-02-17 00:00:21,492 : Test_OrangeHRM_Login_001 : test_OrangeHRM_Login_002 : INFO - Navigating to OrangeHRM Login Page
2026-02-17 00:00:21,648 : Test_OrangeHRM_Login_DDT_002 : test_OrangeHRM_Login_DDT_003 : INFO - Starting Test: Verify OrangeHRM Login Functionality
2026-02-17 00:00:21,660 : Test_OrangeHRM_Login_DDT_002 : test_OrangeHRM_Login_DDT_003 : INFO - Total Rows in Excel: 5
2026-02-17 00:00:21,694 : Test_OrangeHRM_Login_DDT_002 : test_OrangeHRM_Login_DDT_003 : INFO - Test Data: Username=Admin, Password=admin123, Expected Result=Login Successful
2026-02-17 00:00:21,694 : Test_OrangeHRM_Login_DDT_002 : test_OrangeHRM_Login_DDT_003 : INFO - Navigating to OrangeHRM Login Page
2026-02-17 00:00:27,468 : Test_OrangeHRM_Login_001 : test_verify_url_001 : INFO - OrangeHRM Login Page Loaded
2026-02-17 00:00:27,479 : Test_OrangeHRM_Login_001 : test_verify_url_001 : INFO - OrangeHRM Login Page URL Verified
2026-02-17 00:00:27,580 : Test_OrangeHRM_Login_001 : test_verify_url_001 : INFO - Screenshot of Passed Test Saved
2026-02-17 00:00:27,583 : Test_OrangeHRM_Login_001 : test_verify_url_001 : INFO - test_verify_url_001 test Completed
2026-02-17 00:00:27,583 : Test_OrangeHRM_Login_001 : test_verify_url_001 : INFO - =============================================================
2026-02-17 00:00:28,051 : Test_OrangeHRM_Login_001 : test_OrangeHRM_Login_002 : INFO - OrangeHRM Login Page Loaded
2026-02-17 00:00:28,051 : Test_OrangeHRM_Login_001 : test_OrangeHRM_Login_002 : INFO - Entering Username and Password
2026-02-17 00:00:28,701 : Test_OrangeHRM_Login_DDT_002 : test_OrangeHRM_Login_DDT_003 : INFO - OrangeHRM Login Page Loaded
2026-02-17 00:00:29,301 : Test_OrangeHRM_Login_001 : test_OrangeHRM_Login_002 : INFO - Clicking Login Button
2026-02-17 00:00:31,289 : Test_OrangeHRM_Login_001 : test_OrangeHRM_Login_002 : INFO - Login Attempt Completed
2026-02-17 00:00:32,358 : Test_OrangeHRM_Login_001 : test_OrangeHRM_Login_002 : INFO - Login Successful
2026-02-17 00:00:32,558 : Test_OrangeHRM_Login_001 : test_OrangeHRM_Login_002 : INFO - Screenshot of Passed Test Saved
2026-02-17 00:00:33,166 : Test_OrangeHRM_Login_DDT_002 : test_OrangeHRM_Login_DDT_003 : INFO - Login Successful for Username=Admin
2026-02-17 00:00:33,586 : Test_OrangeHRM_Login_001 : test_OrangeHRM_Login_002 : INFO - Starting Test: Verify OrangeHRM Login Functionality
2026-02-17 00:00:33,586 : Test_OrangeHRM_Login_001 : test_OrangeHRM_Login_002 : INFO - Navigating to OrangeHRM Login Page
2026-02-17 00:00:35,142 : Test_OrangeHRM_Login_001 : test_OrangeHRM_Login_002 : INFO - OrangeHRM Login Page Loaded
2026-02-17 00:00:35,143 : Test_OrangeHRM_Login_001 : test_OrangeHRM_Login_002 : INFO - Entering Username and Password
2026-02-17 00:00:36,832 : Test_OrangeHRM_Login_DDT_002 : test_OrangeHRM_Login_DDT_003 : INFO - Test Passed for Username=Admin
2026-02-17 00:00:36,893 : Test_OrangeHRM_Login_DDT_002 : test_OrangeHRM_Login_DDT_003 : INFO - Test Data: Username=Admin1, Password=admin123, Expected Result=Login Failed
2026-02-17 00:00:36,897 : Test_OrangeHRM_Login_DDT_002 : test_OrangeHRM_Login_DDT_003 : INFO - Navigating to OrangeHRM Login Page
2026-02-17 00:00:37,744 : Test_OrangeHRM_Login_DDT_002 : test_OrangeHRM_Login_DDT_003 : INFO - OrangeHRM Login Page Loaded
2026-02-17 00:00:49,368 : Test_OrangeHRM_Login_DDT_002 : test_OrangeHRM_Login_DDT_003 : ERROR - Login Failed for Username=Admin1
2026-02-17 00:00:49,486 : Test_OrangeHRM_Login_DDT_002 : test_OrangeHRM_Login_DDT_003 : INFO - Test Passed for Username=Admin1
2026-02-17 00:00:49,545 : Test_OrangeHRM_Login_DDT_002 : test_OrangeHRM_Login_DDT_003 : INFO - Test Data: Username=Admin, Password=admin1231, Expected Result=Login Failed
2026-02-17 00:00:49,545 : Test_OrangeHRM_Login_DDT_002 : test_OrangeHRM_Login_DDT_003 : INFO - Navigating to OrangeHRM Login Page
2026-02-17 00:00:50,206 : Test_OrangeHRM_Login_DDT_002 : test_OrangeHRM_Login_DDT_003 : INFO - OrangeHRM Login Page Loaded
2026-02-17 00:01:01,850 : Test_OrangeHRM_Login_DDT_002 : test_OrangeHRM_Login_DDT_003 : ERROR - Login Failed for Username=Admin
2026-02-17 00:01:01,942 : Test_OrangeHRM_Login_DDT_002 : test_OrangeHRM_Login_DDT_003 : INFO - Test Passed for Username=Admin
2026-02-17 00:01:01,977 : Test_OrangeHRM_Login_DDT_002 : test_OrangeHRM_Login_DDT_003 : INFO - Test Data: Username=Admin1, Password=admin1231, Expected Result=Login Failed
2026-02-17 00:01:01,977 : Test_OrangeHRM_Login_DDT_002 : test_OrangeHRM_Login_DDT_003 : INFO - Navigating to OrangeHRM Login Page
2026-02-17 00:01:02,675 : Test_OrangeHRM_Login_DDT_002 : test_OrangeHRM_Login_DDT_003 : INFO - OrangeHRM Login Page Loaded
2026-02-17 00:01:15,477 : Test_OrangeHRM_Login_DDT_002 : test_OrangeHRM_Login_DDT_003 : ERROR - Login Failed for Username=Admin1
2026-02-17 00:01:15,569 : Test_OrangeHRM_Login_DDT_002 : test_OrangeHRM_Login_DDT_003 : INFO - Test Passed for Username=Admin1
2026-02-17 00:01:15,584 : Test_OrangeHRM_Login_DDT_002 : test_OrangeHRM_Login_DDT_003 : INFO - Test Results: ['Pass', 'Pass', 'Pass', 'Pass']
2026-02-17 00:01:15,585 : Test_OrangeHRM_Login_DDT_002 : test_OrangeHRM_Login_DDT_003 : INFO - test_OrangeHRM_Login_DDT_003 test Completed
2026-02-17 00:01:15,585 : Test_OrangeHRM_Login_DDT_002 : test_OrangeHRM_Login_DDT_003 : INFO - =============================================================
2026-02-17 00:05:09,849 : Test_OrangeHRM_Login_001 : test_OrangeHRM_Login_002 : INFO - Starting Test: Verify OrangeHRM Login Functionality
2026-02-17 00:05:09,850 : Test_OrangeHRM_Login_001 : test_OrangeHRM_Login_002 : INFO - Navigating to OrangeHRM Login Page
2026-02-17 00:05:12,812 : Test_OrangeHRM_Login_001 : test_verify_url_001 : INFO - Starting Test: Verify OrangeHRM Login Page URL
2026-02-17 00:05:12,813 : Test_OrangeHRM_Login_001 : test_verify_url_001 : INFO - Navigating to OrangeHRM Login Page
2026-02-17 00:05:14,339 : Test_OrangeHRM_Login_DDT_002 : test_OrangeHRM_Login_DDT_003 : INFO - Starting Test: Verify OrangeHRM Login Functionality
2026-02-17 00:05:14,353 : Test_OrangeHRM_Login_DDT_002 : test_OrangeHRM_Login_DDT_003 : INFO - Total Rows in Excel: 5
2026-02-17 00:05:14,390 : Test_OrangeHRM_Login_DDT_002 : test_OrangeHRM_Login_DDT_003 : INFO - Test Data: Username=Admin, Password=admin123, Expected Result=Login Successful
2026-02-17 00:05:14,390 : Test_OrangeHRM_Login_DDT_002 : test_OrangeHRM_Login_DDT_003 : INFO - Navigating to OrangeHRM Login Page
2026-02-17 00:05:18,732 : Test_OrangeHRM_Login_001 : test_OrangeHRM_Login_002 : INFO - OrangeHRM Login Page Loaded
2026-02-17 00:05:18,732 : Test_OrangeHRM_Login_001 : test_OrangeHRM_Login_002 : INFO - Entering Username and Password
2026-02-17 00:05:18,969 : Test_OrangeHRM_Login_001 : test_verify_url_001 : INFO - OrangeHRM Login Page Loaded
2026-02-17 00:05:18,973 : Test_OrangeHRM_Login_001 : test_verify_url_001 : INFO - OrangeHRM Login Page URL Verified
2026-02-17 00:05:19,060 : Test_OrangeHRM_Login_001 : test_verify_url_001 : INFO - Screenshot of Passed Test Saved
2026-02-17 00:05:19,065 : Test_OrangeHRM_Login_001 : test_verify_url_001 : INFO - test_verify_url_001 test Completed
2026-02-17 00:05:19,065 : Test_OrangeHRM_Login_001 : test_verify_url_001 : INFO - =============================================================
2026-02-17 00:05:20,442 : Test_OrangeHRM_Login_001 : test_OrangeHRM_Login_002 : INFO - Clicking Login Button
2026-02-17 00:05:22,313 : Test_OrangeHRM_Login_DDT_002 : test_OrangeHRM_Login_DDT_003 : INFO - OrangeHRM Login Page Loaded
2026-02-17 00:05:24,123 : Test_OrangeHRM_Login_001 : test_OrangeHRM_Login_002 : INFO - Login Attempt Completed
2026-02-17 00:05:25,280 : Test_OrangeHRM_Login_001 : test_OrangeHRM_Login_002 : INFO - Login Successful
2026-02-17 00:05:25,389 : Test_OrangeHRM_Login_001 : test_OrangeHRM_Login_002 : INFO - Screenshot of Passed Test Saved
2026-02-17 00:05:26,473 : Test_OrangeHRM_Login_001 : test_OrangeHRM_Login_002 : INFO - Starting Test: Verify OrangeHRM Login Functionality
2026-02-17 00:05:26,473 : Test_OrangeHRM_Login_001 : test_OrangeHRM_Login_002 : INFO - Navigating to OrangeHRM Login Page
2026-02-17 00:05:27,496 : Test_OrangeHRM_Login_DDT_002 : test_OrangeHRM_Login_DDT_003 : INFO - Login Successful for Username=Admin
2026-02-17 00:05:28,815 : Test_OrangeHRM_Login_001 : test_OrangeHRM_Login_002 : INFO - OrangeHRM Login Page Loaded
2026-02-17 00:05:28,815 : Test_OrangeHRM_Login_001 : test_OrangeHRM_Login_002 : INFO - Entering Username and Password
2026-02-17 00:05:30,247 : Test_OrangeHRM_Login_DDT_002 : test_OrangeHRM_Login_DDT_003 : INFO - Test Passed for Username=Admin
2026-02-17 00:05:30,315 : Test_OrangeHRM_Login_DDT_002 : test_OrangeHRM_Login_DDT_003 : INFO - Test Data: Username=Admin1, Password=admin123, Expected Result=Login Failed
2026-02-17 00:05:30,315 : Test_OrangeHRM_Login_DDT_002 : test_OrangeHRM_Login_DDT_003 : INFO - Navigating to OrangeHRM Login Page
2026-02-17 00:05:31,755 : Test_OrangeHRM_Login_DDT_002 : test_OrangeHRM_Login_DDT_003 : INFO - OrangeHRM Login Page Loaded
2026-02-17 00:05:44,602 : Test_OrangeHRM_Login_DDT_002 : test_OrangeHRM_Login_DDT_003 : ERROR - Login Failed for Username=Admin1
2026-02-17 00:05:44,652 : Test_OrangeHRM_Login_DDT_002 : test_OrangeHRM_Login_DDT_003 : INFO - Test Passed for Username=Admin1
2026-02-17 00:05:44,687 : Test_OrangeHRM_Login_DDT_002 : test_OrangeHRM_Login_DDT_003 : INFO - Test Data: Username=Admin, Password=admin1231, Expected Result=Login Failed
2026-02-17 00:05:44,687 : Test_OrangeHRM_Login_DDT_002 : test_OrangeHRM_Login_DDT_003 : INFO - Navigating to OrangeHRM Login Page
2026-02-17 00:05:45,491 : Test_OrangeHRM_Login_DDT_002 : test_OrangeHRM_Login_DDT_003 : INFO - OrangeHRM Login Page Loaded
2026-02-17 00:05:58,579 : Test_OrangeHRM_Login_DDT_002 : test_OrangeHRM_Login_DDT_003 : ERROR - Login Failed for Username=Admin
2026-02-17 00:05:58,621 : Test_OrangeHRM_Login_DDT_002 : test_OrangeHRM_Login_DDT_003 : INFO - Test Passed for Username=Admin
2026-02-17 00:05:58,650 : Test_OrangeHRM_Login_DDT_002 : test_OrangeHRM_Login_DDT_003 : INFO - Test Data: Username=Admin1, Password=admin1231, Expected Result=Login Failed
2026-02-17 00:05:58,650 : Test_OrangeHRM_Login_DDT_002 : test_OrangeHRM_Login_DDT_003 : INFO - Navigating to OrangeHRM Login Page
2026-02-17 00:05:59,399 : Test_OrangeHRM_Login_DDT_002 : test_OrangeHRM_Login_DDT_003 : INFO - OrangeHRM Login Page Loaded
2026-02-17 00:06:12,032 : Test_OrangeHRM_Login_DDT_002 : test_OrangeHRM_Login_DDT_003 : ERROR - Login Failed for Username=Admin1
2026-02-17 00:06:12,084 : Test_OrangeHRM_Login_DDT_002 : test_OrangeHRM_Login_DDT_003 : INFO - Test Passed for Username=Admin1
2026-02-17 00:06:12,099 : Test_OrangeHRM_Login_DDT_002 : test_OrangeHRM_Login_DDT_003 : INFO - Test Results: ['Pass', 'Pass', 'Pass', 'Pass']
2026-02-17 00:06:12,099 : Test_OrangeHRM_Login_DDT_002 : test_OrangeHRM_Login_DDT_003 : INFO - test_OrangeHRM_Login_DDT_003 test Completed
2026-02-17 00:06:12,099 : Test_OrangeHRM_Login_DDT_002 : test_OrangeHRM_Login_DDT_003 : INFO - =============================================================
2026-02-17 08:05:01,358 : Test_OrangeHRM_Login_001 : test_OrangeHRM_Login_002 : INFO - Starting Test: Verify OrangeHRM Login Functionality
2026-02-17 08:05:01,360 : Test_OrangeHRM_Login_001 : test_OrangeHRM_Login_002 : INFO - Navigating to OrangeHRM Login Page
2026-02-17 08:05:03,255 : Test_OrangeHRM_Login_DDT_002 : test_OrangeHRM_Login_DDT_003 : INFO - Starting Test: Verify OrangeHRM Login Functionality
2026-02-17 08:05:03,279 : Test_OrangeHRM_Login_DDT_002 : test_OrangeHRM_Login_DDT_003 : INFO - Total Rows in Excel: 5
2026-02-17 08:05:03,362 : Test_OrangeHRM_Login_DDT_002 : test_OrangeHRM_Login_DDT_003 : INFO - Test Data: Username=Admin, Password=admin123, Expected Result=Login Successful
2026-02-17 08:05:03,363 : Test_OrangeHRM_Login_DDT_002 : test_OrangeHRM_Login_DDT_003 : INFO - Navigating to OrangeHRM Login Page
2026-02-17 08:05:03,809 : Test_OrangeHRM_Login_001 : test_verify_url_001 : INFO - Starting Test: Verify OrangeHRM Login Page URL
2026-02-17 08:05:03,809 : Test_OrangeHRM_Login_001 : test_verify_url_001 : INFO - Navigating to OrangeHRM Login Page
2026-02-17 08:05:10,433 : Test_OrangeHRM_Login_001 : test_OrangeHRM_Login_002 : INFO - OrangeHRM Login Page Loaded
2026-02-17 08:05:10,434 : Test_OrangeHRM_Login_001 : test_OrangeHRM_Login_002 : INFO - Entering Username and Password
2026-02-17 08:05:10,597 : Test_OrangeHRM_Login_DDT_002 : test_OrangeHRM_Login_DDT_003 : INFO - OrangeHRM Login Page Loaded
2026-02-17 08:05:11,319 : Test_OrangeHRM_Login_001 : test_verify_url_001 : INFO - OrangeHRM Login Page Loaded
2026-02-17 08:05:11,360 : Test_OrangeHRM_Login_001 : test_verify_url_001 : INFO - OrangeHRM Login Page URL Verified
2026-02-17 08:05:11,532 : Test_OrangeHRM_Login_001 : test_verify_url_001 : INFO - Screenshot of Passed Test Saved
2026-02-17 08:05:11,539 : Test_OrangeHRM_Login_001 : test_verify_url_001 : INFO - test_verify_url_001 test Completed
2026-02-17 08:05:11,539 : Test_OrangeHRM_Login_001 : test_verify_url_001 : INFO - =============================================================
2026-02-17 08:05:12,827 : Test_OrangeHRM_Login_001 : test_OrangeHRM_Login_002 : INFO - Clicking Login Button
2026-02-17 08:05:15,962 : Test_OrangeHRM_Login_001 : test_OrangeHRM_Login_002 : INFO - Login Attempt Completed
2026-02-17 08:05:16,915 : Test_OrangeHRM_Login_001 : test_OrangeHRM_Login_002 : INFO - Login Successful
2026-02-17 08:05:16,968 : Test_OrangeHRM_Login_DDT_002 : test_OrangeHRM_Login_DDT_003 : INFO - Login Successful for Username=Admin
2026-02-17 08:05:18,221 : Test_OrangeHRM_Login_001 : test_OrangeHRM_Login_002 : INFO - Screenshot of Passed Test Saved
2026-02-17 08:05:19,878 : Test_OrangeHRM_Login_001 : test_OrangeHRM_Login_002 : INFO - Starting Test: Verify OrangeHRM Login Functionality
2026-02-17 08:05:19,879 : Test_OrangeHRM_Login_001 : test_OrangeHRM_Login_002 : INFO - Navigating to OrangeHRM Login Page
2026-02-17 08:05:23,819 : Test_OrangeHRM_Login_001 : test_OrangeHRM_Login_002 : INFO - OrangeHRM Login Page Loaded
2026-02-17 08:05:23,820 : Test_OrangeHRM_Login_001 : test_OrangeHRM_Login_002 : INFO - Entering Username and Password
2026-02-17 08:05:24,862 : Test_OrangeHRM_Login_DDT_002 : test_OrangeHRM_Login_DDT_003 : INFO - Test Passed for Username=Admin
2026-02-17 08:05:25,001 : Test_OrangeHRM_Login_DDT_002 : test_OrangeHRM_Login_DDT_003 : INFO - Test Data: Username=Admin1, Password=admin123, Expected Result=Login Failed
2026-02-17 08:05:25,001 : Test_OrangeHRM_Login_DDT_002 : test_OrangeHRM_Login_DDT_003 : INFO - Navigating to OrangeHRM Login Page
2026-02-17 08:05:25,798 : Test_OrangeHRM_Login_DDT_002 : test_OrangeHRM_Login_DDT_003 : INFO - OrangeHRM Login Page Loaded
2026-02-17 08:05:37,579 : Test_OrangeHRM_Login_DDT_002 : test_OrangeHRM_Login_DDT_003 : ERROR - Login Failed for Username=Admin1
2026-02-17 08:05:37,795 : Test_OrangeHRM_Login_DDT_002 : test_OrangeHRM_Login_DDT_003 : INFO - Test Passed for Username=Admin1
2026-02-17 08:05:37,849 : Test_OrangeHRM_Login_DDT_002 : test_OrangeHRM_Login_DDT_003 : INFO - Test Data: Username=Admin, Password=admin1231, Expected Result=Login Failed
2026-02-17 08:05:37,849 : Test_OrangeHRM_Login_DDT_002 : test_OrangeHRM_Login_DDT_003 : INFO - Navigating to OrangeHRM Login Page
2026-02-17 08:05:38,969 : Test_OrangeHRM_Login_DDT_002 : test_OrangeHRM_Login_DDT_003 : INFO - OrangeHRM Login Page Loaded
2026-02-17 08:05:51,241 : Test_OrangeHRM_Login_DDT_002 : test_OrangeHRM_Login_DDT_003 : ERROR - Login Failed for Username=Admin
2026-02-17 08:05:51,422 : Test_OrangeHRM_Login_DDT_002 : test_OrangeHRM_Login_DDT_003 : INFO - Test Passed for Username=Admin
2026-02-17 08:05:51,471 : Test_OrangeHRM_Login_DDT_002 : test_OrangeHRM_Login_DDT_003 : INFO - Test Data: Username=Admin1, Password=admin1231, Expected Result=Login Failed
2026-02-17 08:05:51,472 : Test_OrangeHRM_Login_DDT_002 : test_OrangeHRM_Login_DDT_003 : INFO - Navigating to OrangeHRM Login Page
2026-02-17 08:05:52,571 : Test_OrangeHRM_Login_DDT_002 : test_OrangeHRM_Login_DDT_003 : INFO - OrangeHRM Login Page Loaded
2026-02-17 08:06:05,967 : Test_OrangeHRM_Login_DDT_002 : test_OrangeHRM_Login_DDT_003 : ERROR - Login Failed for Username=Admin1
2026-02-17 08:06:06,243 : Test_OrangeHRM_Login_DDT_002 : test_OrangeHRM_Login_DDT_003 : INFO - Test Passed for Username=Admin1
2026-02-17 08:06:06,287 : Test_OrangeHRM_Login_DDT_002 : test_OrangeHRM_Login_DDT_003 : INFO - Test Results: ['Pass', 'Pass', 'Pass', 'Pass']
2026-02-17 08:06:06,288 : Test_OrangeHRM_Login_DDT_002 : test_OrangeHRM_Login_DDT_003 : INFO - test_OrangeHRM_Login_DDT_003 test Completed
2026-02-17 08:06:06,288 : Test_OrangeHRM_Login_DDT_002 : test_OrangeHRM_Login_DDT_003 : INFO - =============================================================
2026-02-17 08:16:15,146 : Test_OrangeHRM_Login_001 : test_verify_url_001 : INFO - Starting Test: Verify OrangeHRM Login Page URL
2026-02-17 08:16:15,148 : Test_OrangeHRM_Login_001 : test_verify_url_001 : INFO - Navigating to OrangeHRM Login Page
2026-02-17 08:16:15,188 : Test_OrangeHRM_Login_DDT_002 : test_OrangeHRM_Login_DDT_003 : INFO - Starting Test: Verify OrangeHRM Login Functionality
2026-02-17 08:16:15,215 : Test_OrangeHRM_Login_DDT_002 : test_OrangeHRM_Login_DDT_003 : INFO - Total Rows in Excel: 5
2026-02-17 08:16:15,390 : Test_OrangeHRM_Login_DDT_002 : test_OrangeHRM_Login_DDT_003 : INFO - Test Data: Username=Admin, Password=admin123, Expected Result=Login Successful
2026-02-17 08:16:15,390 : Test_OrangeHRM_Login_DDT_002 : test_OrangeHRM_Login_DDT_003 : INFO - Navigating to OrangeHRM Login Page
2026-02-17 08:16:15,588 : Test_OrangeHRM_Login_001 : test_OrangeHRM_Login_002 : INFO - Starting Test: Verify OrangeHRM Login Functionality
2026-02-17 08:16:15,588 : Test_OrangeHRM_Login_001 : test_OrangeHRM_Login_002 : INFO - Navigating to OrangeHRM Login Page
2026-02-17 08:16:25,256 : Test_OrangeHRM_Login_001 : test_OrangeHRM_Login_002 : INFO - OrangeHRM Login Page Loaded
2026-02-17 08:16:25,256 : Test_OrangeHRM_Login_001 : test_OrangeHRM_Login_002 : INFO - Entering Username and Password
2026-02-17 08:16:27,838 : Test_OrangeHRM_Login_001 : test_verify_url_001 : INFO - OrangeHRM Login Page Loaded
2026-02-17 08:16:28,034 : Test_OrangeHRM_Login_001 : test_verify_url_001 : INFO - OrangeHRM Login Page URL Verified
2026-02-17 08:16:28,475 : Test_OrangeHRM_Login_001 : test_verify_url_001 : INFO - Screenshot of Passed Test Saved
2026-02-17 08:16:28,490 : Test_OrangeHRM_Login_001 : test_verify_url_001 : INFO - test_verify_url_001 test Completed
2026-02-17 08:16:28,490 : Test_OrangeHRM_Login_001 : test_verify_url_001 : INFO - =============================================================
2026-02-17 08:16:28,728 : Test_OrangeHRM_Login_DDT_002 : test_OrangeHRM_Login_DDT_003 : INFO - OrangeHRM Login Page Loaded
2026-02-17 08:16:29,296 : Test_OrangeHRM_Login_001 : test_OrangeHRM_Login_002 : INFO - Clicking Login Button
2026-02-17 08:16:31,948 : Test_OrangeHRM_Login_001 : test_OrangeHRM_Login_002 : INFO - Login Attempt Completed
2026-02-17 08:16:32,861 : Test_OrangeHRM_Login_001 : test_OrangeHRM_Login_002 : INFO - Login Successful
2026-02-17 08:16:33,571 : Test_OrangeHRM_Login_001 : test_OrangeHRM_Login_002 : INFO - Screenshot of Passed Test Saved
2026-02-17 08:16:34,270 : Test_OrangeHRM_Login_DDT_002 : test_OrangeHRM_Login_DDT_003 : INFO - Login Successful for Username=Admin
2026-02-17 08:16:34,730 : Test_OrangeHRM_Login_001 : test_OrangeHRM_Login_002 : INFO - Starting Test: Verify OrangeHRM Login Functionality
2026-02-17 08:16:34,730 : Test_OrangeHRM_Login_001 : test_OrangeHRM_Login_002 : INFO - Navigating to OrangeHRM Login Page
2026-02-17 08:16:37,257 : Test_OrangeHRM_Login_001 : test_OrangeHRM_Login_002 : INFO - OrangeHRM Login Page Loaded
2026-02-17 08:16:37,258 : Test_OrangeHRM_Login_001 : test_OrangeHRM_Login_002 : INFO - Entering Username and Password
2026-02-17 08:16:38,755 : Test_OrangeHRM_Login_DDT_002 : test_OrangeHRM_Login_DDT_003 : INFO - Test Passed for Username=Admin
2026-02-17 08:16:38,894 : Test_OrangeHRM_Login_DDT_002 : test_OrangeHRM_Login_DDT_003 : INFO - Test Data: Username=Admin1, Password=admin123, Expected Result=Login Failed
2026-02-17 08:16:38,895 : Test_OrangeHRM_Login_DDT_002 : test_OrangeHRM_Login_DDT_003 : INFO - Navigating to OrangeHRM Login Page
2026-02-17 08:16:44,152 : Test_OrangeHRM_Login_DDT_002 : test_OrangeHRM_Login_DDT_003 : INFO - OrangeHRM Login Page Loaded
2026-02-17 08:16:57,397 : Test_OrangeHRM_Login_DDT_002 : test_OrangeHRM_Login_DDT_003 : ERROR - Login Failed for Username=Admin1
2026-02-17 08:16:57,549 : Test_OrangeHRM_Login_DDT_002 : test_OrangeHRM_Login_DDT_003 : INFO - Test Passed for Username=Admin1
2026-02-17 08:16:57,625 : Test_OrangeHRM_Login_DDT_002 : test_OrangeHRM_Login_DDT_003 : INFO - Test Data: Username=Admin, Password=admin1231, Expected Result=Login Failed
2026-02-17 08:16:57,626 : Test_OrangeHRM_Login_DDT_002 : test_OrangeHRM_Login_DDT_003 : INFO - Navigating to OrangeHRM Login Page
2026-02-17 08:16:59,540 : Test_OrangeHRM_Login_DDT_002 : test_OrangeHRM_Login_DDT_003 : INFO - OrangeHRM Login Page Loaded
2026-02-17 08:17:12,745 : Test_OrangeHRM_Login_DDT_002 : test_OrangeHRM_Login_DDT_003 : ERROR - Login Failed for Username=Admin
2026-02-17 08:17:13,032 : Test_OrangeHRM_Login_DDT_002 : test_OrangeHRM_Login_DDT_003 : INFO - Test Passed for Username=Admin
2026-02-17 08:17:13,128 : Test_OrangeHRM_Login_DDT_002 : test_OrangeHRM_Login_DDT_003 : INFO - Test Data: Username=Admin1, Password=admin1231, Expected Result=Login Failed
2026-02-17 08:17:13,129 : Test_OrangeHRM_Login_DDT_002 : test_OrangeHRM_Login_DDT_003 : INFO - Navigating to OrangeHRM Login Page
2026-02-17 08:17:14,846 : Test_OrangeHRM_Login_DDT_002 : test_OrangeHRM_Login_DDT_003 : INFO - OrangeHRM Login Page Loaded
2026-02-17 08:17:28,343 : Test_OrangeHRM_Login_DDT_002 : test_OrangeHRM_Login_DDT_003 : ERROR - Login Failed for Username=Admin1
2026-02-17 08:17:28,516 : Test_OrangeHRM_Login_DDT_002 : test_OrangeHRM_Login_DDT_003 : INFO - Test Passed for Username=Admin1
2026-02-17 08:17:28,543 : Test_OrangeHRM_Login_DDT_002 : test_OrangeHRM_Login_DDT_003 : INFO - Test Results: ['Pass', 'Pass', 'Pass', 'Pass']
2026-02-17 08:17:28,543 : Test_OrangeHRM_Login_DDT_002 : test_OrangeHRM_Login_DDT_003 : INFO - test_OrangeHRM_Login_DDT_003 test Completed
2026-02-17 08:17:28,543 : Test_OrangeHRM_Login_DDT_002 : test_OrangeHRM_Login_DDT_003 : INFO - =============================================================
2026-02-17 08:31:43,414 : Test_OrangeHRM_Login_DDT_002 : test_OrangeHRM_Login_DDT_003 : INFO - Starting Test: Verify OrangeHRM Login Functionality
2026-02-17 08:31:43,434 : Test_OrangeHRM_Login_DDT_002 : test_OrangeHRM_Login_DDT_003 : INFO - Total Rows in Excel: 5
2026-02-17 08:31:43,494 : Test_OrangeHRM_Login_DDT_002 : test_OrangeHRM_Login_DDT_003 : INFO - Test Data: Username=Admin, Password=admin123, Expected Result=Login Successful
2026-02-17 08:31:43,494 : Test_OrangeHRM_Login_DDT_002 : test_OrangeHRM_Login_DDT_003 : INFO - Navigating to OrangeHRM Login Page
2026-02-17 08:31:45,903 : Test_OrangeHRM_Login_001 : test_verify_url_001 : INFO - Starting Test: Verify OrangeHRM Login Page URL
2026-02-17 08:31:45,903 : Test_OrangeHRM_Login_001 : test_verify_url_001 : INFO - Navigating to OrangeHRM Login Page
2026-02-17 08:31:46,381 : Test_OrangeHRM_Login_001 : test_OrangeHRM_Login_002 : INFO - Starting Test: Verify OrangeHRM Login Functionality
2026-02-17 08:31:46,381 : Test_OrangeHRM_Login_001 : test_OrangeHRM_Login_002 : INFO - Navigating to OrangeHRM Login Page
2026-02-17 08:31:50,740 : Test_OrangeHRM_Login_DDT_002 : test_OrangeHRM_Login_DDT_003 : INFO - OrangeHRM Login Page Loaded
2026-02-17 08:31:52,702 : Test_OrangeHRM_Login_001 : test_OrangeHRM_Login_002 : INFO - OrangeHRM Login Page Loaded
2026-02-17 08:31:52,703 : Test_OrangeHRM_Login_001 : test_OrangeHRM_Login_002 : INFO - Entering Username and Password
2026-02-17 08:31:53,249 : Test_OrangeHRM_Login_001 : test_verify_url_001 : INFO - OrangeHRM Login Page Loaded
2026-02-17 08:31:53,279 : Test_OrangeHRM_Login_001 : test_verify_url_001 : INFO - OrangeHRM Login Page URL Verified
2026-02-17 08:31:53,413 : Test_OrangeHRM_Login_001 : test_verify_url_001 : INFO - Screenshot of Passed Test Saved
2026-02-17 08:31:53,417 : Test_OrangeHRM_Login_001 : test_verify_url_001 : INFO - test_verify_url_001 test Completed
2026-02-17 08:31:53,417 : Test_OrangeHRM_Login_001 : test_verify_url_001 : INFO - =============================================================
2026-02-17 08:31:54,283 : Test_OrangeHRM_Login_001 : test_OrangeHRM_Login_002 : INFO - Clicking Login Button
2026-02-17 08:31:54,552 : Test_OrangeHRM_Login_001 : test_OrangeHRM_Login_002 : INFO - Login Attempt Completed
2026-02-17 08:31:56,131 : Test_OrangeHRM_Login_DDT_002 : test_OrangeHRM_Login_DDT_003 : INFO - Login Successful for Username=Admin
2026-02-17 08:31:58,266 : Test_OrangeHRM_Login_001 : test_OrangeHRM_Login_002 : INFO - Login Successful
2026-02-17 08:31:58,777 : Test_OrangeHRM_Login_001 : test_OrangeHRM_Login_002 : INFO - Screenshot of Passed Test Saved
2026-02-17 08:32:00,351 : Test_OrangeHRM_Login_001 : test_OrangeHRM_Login_002 : INFO - Starting Test: Verify OrangeHRM Login Functionality
2026-02-17 08:32:00,352 : Test_OrangeHRM_Login_001 : test_OrangeHRM_Login_002 : INFO - Navigating to OrangeHRM Login Page
2026-02-17 08:32:02,112 : Test_OrangeHRM_Login_001 : test_OrangeHRM_Login_002 : INFO - OrangeHRM Login Page Loaded
2026-02-17 08:32:02,112 : Test_OrangeHRM_Login_001 : test_OrangeHRM_Login_002 : INFO - Entering Username and Password
2026-02-17 08:32:03,217 : Test_OrangeHRM_Login_DDT_002 : test_OrangeHRM_Login_DDT_003 : INFO - Test Passed for Username=Admin
2026-02-17 08:32:03,361 : Test_OrangeHRM_Login_DDT_002 : test_OrangeHRM_Login_DDT_003 : INFO - Test Data: Username=Admin1, Password=admin123, Expected Result=Login Failed
2026-02-17 08:32:03,362 : Test_OrangeHRM_Login_DDT_002 : test_OrangeHRM_Login_DDT_003 : INFO - Navigating to OrangeHRM Login Page
2026-02-17 08:32:04,171 : Test_OrangeHRM_Login_DDT_002 : test_OrangeHRM_Login_DDT_003 : INFO - OrangeHRM Login Page Loaded
2026-02-17 08:32:26,143 : Test_OrangeHRM_Login_DDT_002 : test_OrangeHRM_Login_DDT_003 : ERROR - Login Failed for Username=Admin1
2026-02-17 08:32:26,324 : Test_OrangeHRM_Login_DDT_002 : test_OrangeHRM_Login_DDT_003 : INFO - Test Passed for Username=Admin1
2026-02-17 08:32:26,407 : Test_OrangeHRM_Login_DDT_002 : test_OrangeHRM_Login_DDT_003 : INFO - Test Data: Username=Admin, Password=admin1231, Expected Result=Login Failed
2026-02-17 08:32:26,407 : Test_OrangeHRM_Login_DDT_002 : test_OrangeHRM_Login_DDT_003 : INFO - Navigating to OrangeHRM Login Page
2026-02-17 08:32:27,899 : Test_OrangeHRM_Login_DDT_002 : test_OrangeHRM_Login_DDT_003 : INFO - OrangeHRM Login Page Loaded
2026-02-17 08:32:52,981 : Test_OrangeHRM_Login_DDT_002 : test_OrangeHRM_Login_DDT_003 : ERROR - Login Failed for Username=Admin
2026-02-17 08:32:53,211 : Test_OrangeHRM_Login_DDT_002 : test_OrangeHRM_Login_DDT_003 : INFO - Test Passed for Username=Admin
2026-02-17 08:32:53,259 : Test_OrangeHRM_Login_DDT_002 : test_OrangeHRM_Login_DDT_003 : INFO - Test Data: Username=Admin1, Password=admin1231, Expected Result=Login Failed
2026-02-17 08:32:53,259 : Test_OrangeHRM_Login_DDT_002 : test_OrangeHRM_Login_DDT_003 : INFO - Navigating to OrangeHRM Login Page
2026-02-17 08:32:54,728 : Test_OrangeHRM_Login_DDT_002 : test_OrangeHRM_Login_DDT_003 : INFO - OrangeHRM Login Page Loaded
2026-02-17 08:33:18,074 : Test_OrangeHRM_Login_DDT_002 : test_OrangeHRM_Login_DDT_003 : ERROR - Login Failed for Username=Admin1
2026-02-17 08:33:18,297 : Test_OrangeHRM_Login_DDT_002 : test_OrangeHRM_Login_DDT_003 : INFO - Test Passed for Username=Admin1
2026-02-17 08:33:18,325 : Test_OrangeHRM_Login_DDT_002 : test_OrangeHRM_Login_DDT_003 : INFO - Test Results: ['Pass', 'Pass', 'Pass', 'Pass']
2026-02-17 08:33:18,325 : Test_OrangeHRM_Login_DDT_002 : test_OrangeHRM_Login_DDT_003 : INFO - test_OrangeHRM_Login_DDT_003 test Completed
2026-02-17 08:33:18,325 : Test_OrangeHRM_Login_DDT_002 : test_OrangeHRM_Login_DDT_003 : INFO - =============================================================
2026-02-17 08:42:50,085 : Test_OrangeHRM_Login_001 : test_verify_url_001 : INFO - Starting Test: Verify OrangeHRM Login Page URL
2026-02-17 08:42:50,086 : Test_OrangeHRM_Login_001 : test_verify_url_001 : INFO - Navigating to OrangeHRM Login Page
2026-02-17 08:42:50,236 : Test_OrangeHRM_Login_001 : test_OrangeHRM_Login_002 : INFO - Starting Test: Verify OrangeHRM Login Functionality
2026-02-17 08:42:50,236 : Test_OrangeHRM_Login_001 : test_OrangeHRM_Login_002 : INFO - Navigating to OrangeHRM Login Page
2026-02-17 08:42:51,269 : Test_OrangeHRM_Login_DDT_002 : test_OrangeHRM_Login_DDT_003 : INFO - Starting Test: Verify OrangeHRM Login Functionality
2026-02-17 08:42:51,287 : Test_OrangeHRM_Login_DDT_002 : test_OrangeHRM_Login_DDT_003 : INFO - Total Rows in Excel: 5
2026-02-17 08:42:51,344 : Test_OrangeHRM_Login_DDT_002 : test_OrangeHRM_Login_DDT_003 : INFO - Test Data: Username=Admin, Password=admin123, Expected Result=Login Successful
2026-02-17 08:42:51,345 : Test_OrangeHRM_Login_DDT_002 : test_OrangeHRM_Login_DDT_003 : INFO - Navigating to OrangeHRM Login Page
2026-02-17 08:42:59,353 : Test_OrangeHRM_Login_DDT_002 : test_OrangeHRM_Login_DDT_003 : INFO - OrangeHRM Login Page Loaded
2026-02-17 08:42:59,370 : Test_OrangeHRM_Login_001 : test_verify_url_001 : INFO - OrangeHRM Login Page Loaded
2026-02-17 08:42:59,408 : Test_OrangeHRM_Login_001 : test_verify_url_001 : INFO - OrangeHRM Login Page URL Verified
2026-02-17 08:42:59,632 : Test_OrangeHRM_Login_001 : test_verify_url_001 : INFO - Screenshot of Passed Test Saved
2026-02-17 08:42:59,636 : Test_OrangeHRM_Login_001 : test_verify_url_001 : INFO - test_verify_url_001 test Completed
2026-02-17 08:42:59,637 : Test_OrangeHRM_Login_001 : test_verify_url_001 : INFO - =============================================================
2026-02-17 08:43:00,005 : Test_OrangeHRM_Login_001 : test_OrangeHRM_Login_002 : INFO - OrangeHRM Login Page Loaded
2026-02-17 08:43:01,523 : Test_OrangeHRM_Login_001 : test_OrangeHRM_Login_002 : INFO - Entering Username and Password
2026-02-17 08:43:02,554 : Test_OrangeHRM_Login_001 : test_OrangeHRM_Login_002 : INFO - Clicking Login Button
2026-02-17 08:43:05,539 : Test_OrangeHRM_Login_001 : test_OrangeHRM_Login_002 : INFO - Login Attempt Completed
2026-02-17 08:43:06,646 : Test_OrangeHRM_Login_001 : test_OrangeHRM_Login_002 : INFO - Login Successful
2026-02-17 08:43:07,222 : Test_OrangeHRM_Login_001 : test_OrangeHRM_Login_002 : INFO - Screenshot of Passed Test Saved
2026-02-17 08:43:07,937 : Test_OrangeHRM_Login_DDT_002 : test_OrangeHRM_Login_DDT_003 : INFO - Login Successful for Username=Admin
2026-02-17 08:43:08,398 : Test_OrangeHRM_Login_001 : test_OrangeHRM_Login_002 : INFO - Starting Test: Verify OrangeHRM Login Functionality
2026-02-17 08:43:08,398 : Test_OrangeHRM_Login_001 : test_OrangeHRM_Login_002 : INFO - Navigating to OrangeHRM Login Page
2026-02-17 08:43:11,228 : Test_OrangeHRM_Login_001 : test_OrangeHRM_Login_002 : INFO - OrangeHRM Login Page Loaded
2026-02-17 08:43:12,157 : Test_OrangeHRM_Login_DDT_002 : test_OrangeHRM_Login_DDT_003 : INFO - Test Passed for Username=Admin
2026-02-17 08:43:12,293 : Test_OrangeHRM_Login_DDT_002 : test_OrangeHRM_Login_DDT_003 : INFO - Test Data: Username=Admin1, Password=admin123, Expected Result=Login Failed
2026-02-17 08:43:12,293 : Test_OrangeHRM_Login_DDT_002 : test_OrangeHRM_Login_DDT_003 : INFO - Navigating to OrangeHRM Login Page
2026-02-17 08:43:13,928 : Test_OrangeHRM_Login_DDT_002 : test_OrangeHRM_Login_DDT_003 : INFO - OrangeHRM Login Page Loaded
2026-02-17 08:43:38,631 : Test_OrangeHRM_Login_DDT_002 : test_OrangeHRM_Login_DDT_003 : ERROR - Login Failed for Username=Admin1
2026-02-17 08:43:38,836 : Test_OrangeHRM_Login_DDT_002 : test_OrangeHRM_Login_DDT_003 : INFO - Test Passed for Username=Admin1
2026-02-17 08:43:38,886 : Test_OrangeHRM_Login_DDT_002 : test_OrangeHRM_Login_DDT_003 : INFO - Test Data: Username=Admin, Password=admin1231, Expected Result=Login Failed
2026-02-17 08:43:38,887 : Test_OrangeHRM_Login_DDT_002 : test_OrangeHRM_Login_DDT_003 : INFO - Navigating to OrangeHRM Login Page
2026-02-17 08:43:40,650 : Test_OrangeHRM_Login_DDT_002 : test_OrangeHRM_Login_DDT_003 : INFO - OrangeHRM Login Page Loaded
2026-02-17 08:44:04,788 : Test_OrangeHRM_Login_DDT_002 : test_OrangeHRM_Login_DDT_003 : ERROR - Login Failed for Username=Admin
2026-02-17 08:44:05,035 : Test_OrangeHRM_Login_DDT_002 : test_OrangeHRM_Login_DDT_003 : INFO - Test Passed for Username=Admin
2026-02-17 08:44:05,097 : Test_OrangeHRM_Login_DDT_002 : test_OrangeHRM_Login_DDT_003 : INFO - Test Data: Username=Admin1, Password=admin1231, Expected Result=Login Failed
2026-02-17 08:44:05,097 : Test_OrangeHRM_Login_DDT_002 : test_OrangeHRM_Login_DDT_003 : INFO - Navigating to OrangeHRM Login Page
2026-02-17 08:44:06,656 : Test_OrangeHRM_Login_DDT_002 : test_OrangeHRM_Login_DDT_003 : INFO - OrangeHRM Login Page Loaded
2026-02-17 08:44:30,183 : Test_OrangeHRM_Login_DDT_002 : test_OrangeHRM_Login_DDT_003 : ERROR - Login Failed for Username=Admin1
2026-02-17 08:44:30,444 : Test_OrangeHRM_Login_DDT_002 : test_OrangeHRM_Login_DDT_003 : INFO - Test Passed for Username=Admin1
2026-02-17 08:44:30,468 : Test_OrangeHRM_Login_DDT_002 : test_OrangeHRM_Login_DDT_003 : INFO - Test Results: ['Pass', 'Pass', 'Pass', 'Pass']
2026-02-17 08:44:30,469 : Test_OrangeHRM_Login_DDT_002 : test_OrangeHRM_Login_DDT_003 : INFO - test_OrangeHRM_Login_DDT_003 test Completed
2026-02-17 08:44:30,469 : Test_OrangeHRM_Login_DDT_002 : test_OrangeHRM_Login_DDT_003 : INFO - =============================================================
2026-02-17 08:47:50,287 : Test_OrangeHRM_Login_001 : test_verify_url_001 : INFO - Starting Test: Verify OrangeHRM Login Page URL
2026-02-17 08:47:50,288 : Test_OrangeHRM_Login_001 : test_verify_url_001 : INFO - Navigating to OrangeHRM Login Page
2026-02-17 08:47:59,029 : Test_OrangeHRM_Login_001 : test_verify_url_001 : INFO - OrangeHRM Login Page Loaded
2026-02-17 08:47:59,043 : Test_OrangeHRM_Login_001 : test_verify_url_001 : INFO - OrangeHRM Login Page URL Verified
2026-02-17 08:47:59,170 : Test_OrangeHRM_Login_001 : test_verify_url_001 : INFO - Screenshot of Passed Test Saved
2026-02-17 08:47:59,171 : Test_OrangeHRM_Login_001 : test_verify_url_001 : INFO - test_verify_url_001 test Completed
2026-02-17 08:47:59,171 : Test_OrangeHRM_Login_001 : test_verify_url_001 : INFO - =============================================================
2026-02-17 08:47:59,183 : Test_OrangeHRM_Login_001 : test_OrangeHRM_Login_002 : INFO - Starting Test: Verify OrangeHRM Login Functionality
2026-02-17 08:47:59,183 : Test_OrangeHRM_Login_001 : test_OrangeHRM_Login_002 : INFO - Navigating to OrangeHRM Login Page
2026-02-17 08:48:00,163 : Test_OrangeHRM_Login_001 : test_OrangeHRM_Login_002 : INFO - OrangeHRM Login Page Loaded
2026-02-17 08:48:00,163 : Test_OrangeHRM_Login_001 : test_OrangeHRM_Login_002 : INFO - Entering Username and Password
2026-02-17 08:48:03,170 : Test_OrangeHRM_Login_001 : test_OrangeHRM_Login_002 : INFO - Clicking Login Button
2026-02-17 08:48:03,395 : Test_OrangeHRM_Login_001 : test_OrangeHRM_Login_002 : INFO - Login Attempt Completed
2026-02-17 08:48:13,486 : Test_OrangeHRM_Login_001 : test_OrangeHRM_Login_002 : ERROR - Login Failed
2026-02-17 08:48:14,636 : Test_OrangeHRM_Login_001 : test_OrangeHRM_Login_002 : INFO - Starting Test: Verify OrangeHRM Login Functionality
2026-02-17 08:48:14,636 : Test_OrangeHRM_Login_001 : test_OrangeHRM_Login_002 : INFO - Navigating to OrangeHRM Login Page
2026-02-17 08:48:16,188 : Test_OrangeHRM_Login_001 : test_OrangeHRM_Login_002 : INFO - OrangeHRM Login Page Loaded
2026-02-17 08:48:16,188 : Test_OrangeHRM_Login_001 : test_OrangeHRM_Login_002 : INFO - Entering Username and Password
2026-02-17 08:48:30,884 : Test_OrangeHRM_Login_DDT_002 : test_OrangeHRM_Login_DDT_003 : INFO - Starting Test: Verify OrangeHRM Login Functionality
2026-02-17 08:48:30,901 : Test_OrangeHRM_Login_DDT_002 : test_OrangeHRM_Login_DDT_003 : INFO - Total Rows in Excel: 5
2026-02-17 08:48:30,952 : Test_OrangeHRM_Login_DDT_002 : test_OrangeHRM_Login_DDT_003 : INFO - Test Data: Username=Admin, Password=admin123, Expected Result=Login Successful
2026-02-17 08:48:30,952 : Test_OrangeHRM_Login_DDT_002 : test_OrangeHRM_Login_DDT_003 : INFO - Navigating to OrangeHRM Login Page
2026-02-17 08:48:38,457 : Test_OrangeHRM_Login_DDT_002 : test_OrangeHRM_Login_DDT_003 : INFO - OrangeHRM Login Page Loaded
2026-02-17 08:48:50,098 : Test_OrangeHRM_Login_DDT_002 : test_OrangeHRM_Login_DDT_003 : ERROR - Login Failed for Username=Admin
2026-02-17 08:48:50,348 : Test_OrangeHRM_Login_DDT_002 : test_OrangeHRM_Login_DDT_003 : ERROR - Test Failed for Username=Admin
2026-02-17 08:48:50,689 : Test_OrangeHRM_Login_DDT_002 : test_OrangeHRM_Login_DDT_003 : INFO - Test Data: Username=Admin1, Password=admin123, Expected Result=Login Failed
2026-02-17 08:48:50,689 : Test_OrangeHRM_Login_DDT_002 : test_OrangeHRM_Login_DDT_003 : INFO - Navigating to OrangeHRM Login Page
2026-02-17 08:48:52,779 : Test_OrangeHRM_Login_DDT_002 : test_OrangeHRM_Login_DDT_003 : INFO - OrangeHRM Login Page Loaded
2026-02-17 08:51:35,494 : Test_OrangeHRM_Login_001 : test_verify_url_001 : INFO - Starting Test: Verify OrangeHRM Login Page URL
2026-02-17 08:51:35,495 : Test_OrangeHRM_Login_001 : test_verify_url_001 : INFO - Navigating to OrangeHRM Login Page
2026-02-17 08:51:35,989 : Test_OrangeHRM_Login_001 : test_OrangeHRM_Login_002 : INFO - Starting Test: Verify OrangeHRM Login Functionality
2026-02-17 08:51:35,990 : Test_OrangeHRM_Login_001 : test_OrangeHRM_Login_002 : INFO - Navigating to OrangeHRM Login Page
2026-02-17 08:51:36,016 : Test_OrangeHRM_Login_DDT_002 : test_OrangeHRM_Login_DDT_003 : INFO - Starting Test: Verify OrangeHRM Login Functionality
2026-02-17 08:51:36,039 : Test_OrangeHRM_Login_DDT_002 : test_OrangeHRM_Login_DDT_003 : INFO - Total Rows in Excel: 5
2026-02-17 08:51:36,164 : Test_OrangeHRM_Login_DDT_002 : test_OrangeHRM_Login_DDT_003 : INFO - Test Data: Username=Admin, Password=admin123, Expected Result=Login Successful
2026-02-17 08:51:36,165 : Test_OrangeHRM_Login_DDT_002 : test_OrangeHRM_Login_DDT_003 : INFO - Navigating to OrangeHRM Login Page
2026-02-17 08:51:38,591 : Test_OrangeHRM_Login_DDT_002 : test_OrangeHRM_Login_DDT_003 : INFO - OrangeHRM Login Page Loaded
2026-02-17 08:51:44,870 : Test_OrangeHRM_Login_001 : test_verify_url_001 : INFO - OrangeHRM Login Page Loaded
2026-02-17 08:51:44,884 : Test_OrangeHRM_Login_001 : test_verify_url_001 : INFO - OrangeHRM Login Page URL Verified
2026-02-17 08:51:45,021 : Test_OrangeHRM_Login_001 : test_verify_url_001 : INFO - Screenshot of Passed Test Saved
2026-02-17 08:51:45,037 : Test_OrangeHRM_Login_001 : test_verify_url_001 : INFO - test_verify_url_001 test Completed
2026-02-17 08:51:45,038 : Test_OrangeHRM_Login_001 : test_verify_url_001 : INFO - =============================================================
2026-02-17 08:51:48,807 : Test_OrangeHRM_Login_001 : test_OrangeHRM_Login_002 : INFO - OrangeHRM Login Page Loaded
2026-02-17 08:51:48,808 : Test_OrangeHRM_Login_001 : test_OrangeHRM_Login_002 : INFO - Entering Username and Password
2026-02-17 08:51:51,059 : Test_OrangeHRM_Login_DDT_002 : test_OrangeHRM_Login_DDT_003 : INFO - Login Successful for Username=Admin
2026-02-17 08:51:52,478 : Test_OrangeHRM_Login_001 : test_OrangeHRM_Login_002 : INFO - Clicking Login Button
2026-02-17 08:51:55,166 : Test_OrangeHRM_Login_001 : test_OrangeHRM_Login_002 : INFO - Login Attempt Completed
2026-02-17 08:51:55,430 : Test_OrangeHRM_Login_DDT_002 : test_OrangeHRM_Login_DDT_003 : INFO - Test Passed for Username=Admin
2026-02-17 08:51:55,521 : Test_OrangeHRM_Login_DDT_002 : test_OrangeHRM_Login_DDT_003 : INFO - Test Data: Username=Admin1, Password=admin123, Expected Result=Login Failed
2026-02-17 08:51:55,521 : Test_OrangeHRM_Login_DDT_002 : test_OrangeHRM_Login_DDT_003 : INFO - Navigating to OrangeHRM Login Page
2026-02-17 08:51:56,307 : Test_OrangeHRM_Login_DDT_002 : test_OrangeHRM_Login_DDT_003 : INFO - OrangeHRM Login Page Loaded
2026-02-17 08:51:56,362 : Test_OrangeHRM_Login_001 : test_OrangeHRM_Login_002 : INFO - Login Successful
2026-02-17 08:51:56,856 : Test_OrangeHRM_Login_001 : test_OrangeHRM_Login_002 : INFO - Screenshot of Passed Test Saved
2026-02-17 08:51:57,911 : Test_OrangeHRM_Login_001 : test_OrangeHRM_Login_002 : INFO - Starting Test: Verify OrangeHRM Login Functionality
2026-02-17 08:51:57,911 : Test_OrangeHRM_Login_001 : test_OrangeHRM_Login_002 : INFO - Navigating to OrangeHRM Login Page
2026-02-17 08:51:59,495 : Test_OrangeHRM_Login_001 : test_OrangeHRM_Login_002 : INFO - OrangeHRM Login Page Loaded
2026-02-17 08:51:59,495 : Test_OrangeHRM_Login_001 : test_OrangeHRM_Login_002 : INFO - Entering Username and Password
2026-02-17 08:52:08,828 : Test_OrangeHRM_Login_DDT_002 : test_OrangeHRM_Login_DDT_003 : ERROR - Login Failed for Username=Admin1
2026-02-17 08:52:08,974 : Test_OrangeHRM_Login_DDT_002 : test_OrangeHRM_Login_DDT_003 : INFO - Test Passed for Username=Admin1
2026-02-17 08:52:09,050 : Test_OrangeHRM_Login_DDT_002 : test_OrangeHRM_Login_DDT_003 : INFO - Test Data: Username=Admin, Password=admin1231, Expected Result=Login Failed
2026-02-17 08:52:09,050 : Test_OrangeHRM_Login_DDT_002 : test_OrangeHRM_Login_DDT_003 : INFO - Navigating to OrangeHRM Login Page
2026-02-17 08:52:09,963 : Test_OrangeHRM_Login_DDT_002 : test_OrangeHRM_Login_DDT_003 : INFO - OrangeHRM Login Page Loaded
2026-02-17 08:52:23,572 : Test_OrangeHRM_Login_DDT_002 : test_OrangeHRM_Login_DDT_003 : ERROR - Login Failed for Username=Admin
2026-02-17 08:52:23,815 : Test_OrangeHRM_Login_DDT_002 : test_OrangeHRM_Login_DDT_003 : INFO - Test Passed for Username=Admin
2026-02-17 08:52:23,882 : Test_OrangeHRM_Login_DDT_002 : test_OrangeHRM_Login_DDT_003 : INFO - Test Data: Username=Admin1, Password=admin1231, Expected Result=Login Failed
2026-02-17 08:52:23,882 : Test_OrangeHRM_Login_DDT_002 : test_OrangeHRM_Login_DDT_003 : INFO - Navigating to OrangeHRM Login Page
2026-02-17 08:52:24,848 : Test_OrangeHRM_Login_DDT_002 : test_OrangeHRM_Login_DDT_003 : INFO - OrangeHRM Login Page Loaded
2026-02-17 08:52:36,951 : Test_OrangeHRM_Login_DDT_002 : test_OrangeHRM_Login_DDT_003 : ERROR - Login Failed for Username=Admin1
2026-02-17 08:52:37,095 : Test_OrangeHRM_Login_DDT_002 : test_OrangeHRM_Login_DDT_003 : INFO - Test Passed for Username=Admin1
2026-02-17 08:52:37,131 : Test_OrangeHRM_Login_DDT_002 : test_OrangeHRM_Login_DDT_003 : INFO - Test Results: ['Pass', 'Pass', 'Pass', 'Pass']
2026-02-17 08:52:37,131 : Test_OrangeHRM_Login_DDT_002 : test_OrangeHRM_Login_DDT_003 : INFO - test_OrangeHRM_Login_DDT_003 test Completed
2026-02-17 08:52:37,131 : Test_OrangeHRM_Login_DDT_002 : test_OrangeHRM_Login_DDT_003 : INFO - =============================================================
2026-02-17 09:01:20,223 : Test_OrangeHRM_Login_001 : test_verify_url_001 : INFO - Starting Test: Verify OrangeHRM Login Page URL
2026-02-17 09:01:20,223 : Test_OrangeHRM_Login_001 : test_verify_url_001 : INFO - Navigating to OrangeHRM Login Page
2026-02-17 09:01:21,015 : Test_OrangeHRM_Login_DDT_002 : test_OrangeHRM_Login_DDT_003 : INFO - Starting Test: Verify OrangeHRM Login Functionality
2026-02-17 09:01:21,035 : Test_OrangeHRM_Login_DDT_002 : test_OrangeHRM_Login_DDT_003 : INFO - Total Rows in Excel: 5
2026-02-17 09:01:21,130 : Test_OrangeHRM_Login_DDT_002 : test_OrangeHRM_Login_DDT_003 : INFO - Test Data: Username=Admin, Password=admin123, Expected Result=Login Successful
2026-02-17 09:01:21,131 : Test_OrangeHRM_Login_DDT_002 : test_OrangeHRM_Login_DDT_003 : INFO - Navigating to OrangeHRM Login Page
2026-02-17 09:01:21,440 : Test_OrangeHRM_Login_001 : test_OrangeHRM_Login_002 : INFO - Starting Test: Verify OrangeHRM Login Functionality
2026-02-17 09:01:21,440 : Test_OrangeHRM_Login_001 : test_OrangeHRM_Login_002 : INFO - Navigating to OrangeHRM Login Page
2026-02-17 09:01:27,816 : Test_OrangeHRM_Login_001 : test_verify_url_001 : INFO - OrangeHRM Login Page Loaded
2026-02-17 09:01:27,849 : Test_OrangeHRM_Login_001 : test_verify_url_001 : INFO - OrangeHRM Login Page URL Verified
2026-02-17 09:01:28,035 : Test_OrangeHRM_Login_001 : test_verify_url_001 : INFO - Screenshot of Passed Test Saved
2026-02-17 09:01:28,041 : Test_OrangeHRM_Login_001 : test_verify_url_001 : INFO - test_verify_url_001 test Completed
2026-02-17 09:01:28,041 : Test_OrangeHRM_Login_001 : test_verify_url_001 : INFO - =============================================================
2026-02-17 09:01:28,158 : Test_OrangeHRM_Login_001 : test_OrangeHRM_Login_002 : INFO - OrangeHRM Login Page Loaded
2026-02-17 09:01:28,160 : Test_OrangeHRM_Login_001 : test_OrangeHRM_Login_002 : INFO - Entering Username and Password
2026-02-17 09:01:30,445 : Test_OrangeHRM_Login_001 : test_OrangeHRM_Login_002 : INFO - Clicking Login Button
2026-02-17 09:01:30,619 : Test_OrangeHRM_Login_001 : test_OrangeHRM_Login_002 : INFO - Login Attempt Completed
2026-02-17 09:01:31,168 : Test_OrangeHRM_Login_DDT_002 : test_OrangeHRM_Login_DDT_003 : INFO - OrangeHRM Login Page Loaded
2026-02-17 09:01:36,039 : Test_OrangeHRM_Login_001 : test_OrangeHRM_Login_002 : INFO - Login Successful
2026-02-17 09:01:36,386 : Test_OrangeHRM_Login_001 : test_OrangeHRM_Login_002 : INFO - Screenshot of Passed Test Saved
2026-02-17 09:01:37,523 : Test_OrangeHRM_Login_001 : test_OrangeHRM_Login_002 : INFO - Starting Test: Verify OrangeHRM Login Functionality
2026-02-17 09:01:37,523 : Test_OrangeHRM_Login_001 : test_OrangeHRM_Login_002 : INFO - Navigating to OrangeHRM Login Page
2026-02-17 09:01:39,326 : Test_OrangeHRM_Login_DDT_002 : test_OrangeHRM_Login_DDT_003 : INFO - Login Successful for Username=Admin
2026-02-17 09:01:39,338 : Test_OrangeHRM_Login_001 : test_OrangeHRM_Login_002 : INFO - OrangeHRM Login Page Loaded
2026-02-17 09:01:39,338 : Test_OrangeHRM_Login_001 : test_OrangeHRM_Login_002 : INFO - Entering Username and Password
2026-02-17 09:01:49,154 : Test_OrangeHRM_Login_DDT_002 : test_OrangeHRM_Login_DDT_003 : INFO - Test Passed for Username=Admin
2026-02-17 09:01:49,281 : Test_OrangeHRM_Login_DDT_002 : test_OrangeHRM_Login_DDT_003 : INFO - Test Data: Username=Admin1, Password=admin123, Expected Result=Login Failed
2026-02-17 09:01:49,281 : Test_OrangeHRM_Login_DDT_002 : test_OrangeHRM_Login_DDT_003 : INFO - Navigating to OrangeHRM Login Page
2026-02-17 09:01:50,152 : Test_OrangeHRM_Login_DDT_002 : test_OrangeHRM_Login_DDT_003 : INFO - OrangeHRM Login Page Loaded
2026-02-17 09:02:02,481 : Test_OrangeHRM_Login_DDT_002 : test_OrangeHRM_Login_DDT_003 : ERROR - Login Failed for Username=Admin1
2026-02-17 09:02:02,667 : Test_OrangeHRM_Login_DDT_002 : test_OrangeHRM_Login_DDT_003 : INFO - Test Passed for Username=Admin1
2026-02-17 09:02:02,842 : Test_OrangeHRM_Login_DDT_002 : test_OrangeHRM_Login_DDT_003 : INFO - Test Data: Username=Admin, Password=admin1231, Expected Result=Login Failed
2026-02-17 09:02:02,843 : Test_OrangeHRM_Login_DDT_002 : test_OrangeHRM_Login_DDT_003 : INFO - Navigating to OrangeHRM Login Page
2026-02-17 09:02:03,797 : Test_OrangeHRM_Login_DDT_002 : test_OrangeHRM_Login_DDT_003 : INFO - OrangeHRM Login Page Loaded
2026-02-17 09:02:16,004 : Test_OrangeHRM_Login_DDT_002 : test_OrangeHRM_Login_DDT_003 : ERROR - Login Failed for Username=Admin
2026-02-17 09:02:16,220 : Test_OrangeHRM_Login_DDT_002 : test_OrangeHRM_Login_DDT_003 : INFO - Test Passed for Username=Admin
2026-02-17 09:02:16,271 : Test_OrangeHRM_Login_DDT_002 : test_OrangeHRM_Login_DDT_003 : INFO - Test Data: Username=Admin1, Password=admin1231, Expected Result=Login Failed
2026-02-17 09:02:16,271 : Test_OrangeHRM_Login_DDT_002 : test_OrangeHRM_Login_DDT_003 : INFO - Navigating to OrangeHRM Login Page
2026-02-17 09:02:17,123 : Test_OrangeHRM_Login_DDT_002 : test_OrangeHRM_Login_DDT_003 : INFO - OrangeHRM Login Page Loaded
2026-02-17 09:02:31,653 : Test_OrangeHRM_Login_DDT_002 : test_OrangeHRM_Login_DDT_003 : ERROR - Login Failed for Username=Admin1
2026-02-17 09:02:31,887 : Test_OrangeHRM_Login_DDT_002 : test_OrangeHRM_Login_DDT_003 : INFO - Test Passed for Username=Admin1
2026-02-17 09:02:31,910 : Test_OrangeHRM_Login_DDT_002 : test_OrangeHRM_Login_DDT_003 : INFO - Test Results: ['Pass', 'Pass', 'Pass', 'Pass']
2026-02-17 09:02:31,910 : Test_OrangeHRM_Login_DDT_002 : test_OrangeHRM_Login_DDT_003 : INFO - test_OrangeHRM_Login_DDT_003 test Completed
2026-02-17 09:02:31,910 : Test_OrangeHRM_Login_DDT_002 : test_OrangeHRM_Login_DDT_003 : INFO - =============================================================
2026-02-17 09:16:06,933 : Test_OrangeHRM_Login_DDT_002 : test_OrangeHRM_Login_DDT_003 : INFO - Starting Test: Verify OrangeHRM Login Functionality
2026-02-17 09:16:06,956 : Test_OrangeHRM_Login_DDT_002 : test_OrangeHRM_Login_DDT_003 : INFO - Total Rows in Excel: 5
2026-02-17 09:16:07,017 : Test_OrangeHRM_Login_DDT_002 : test_OrangeHRM_Login_DDT_003 : INFO - Test Data: Username=Admin, Password=admin123, Expected Result=Login Successful
2026-02-17 09:16:07,018 : Test_OrangeHRM_Login_DDT_002 : test_OrangeHRM_Login_DDT_003 : INFO - Navigating to OrangeHRM Login Page
2026-02-17 09:16:07,367 : Test_OrangeHRM_Login_001 : test_OrangeHRM_Login_002 : INFO - Starting Test: Verify OrangeHRM Login Functionality
2026-02-17 09:16:07,368 : Test_OrangeHRM_Login_001 : test_OrangeHRM_Login_002 : INFO - Navigating to OrangeHRM Login Page
2026-02-17 09:16:07,399 : Test_OrangeHRM_Login_001 : test_verify_url_001 : INFO - Starting Test: Verify OrangeHRM Login Page URL
2026-02-17 09:16:07,399 : Test_OrangeHRM_Login_001 : test_verify_url_001 : INFO - Navigating to OrangeHRM Login Page
2026-02-17 09:16:15,522 : Test_OrangeHRM_Login_001 : test_verify_url_001 : INFO - OrangeHRM Login Page Loaded
2026-02-17 09:16:15,545 : Test_OrangeHRM_Login_001 : test_verify_url_001 : INFO - OrangeHRM Login Page URL Verified
2026-02-17 09:16:15,678 : Test_OrangeHRM_Login_001 : test_verify_url_001 : INFO - Screenshot of Passed Test Saved
2026-02-17 09:16:15,682 : Test_OrangeHRM_Login_001 : test_verify_url_001 : INFO - test_verify_url_001 test Completed
2026-02-17 09:16:15,683 : Test_OrangeHRM_Login_001 : test_verify_url_001 : INFO - =============================================================
2026-02-17 09:16:20,822 : Test_OrangeHRM_Login_001 : test_OrangeHRM_Login_002 : INFO - OrangeHRM Login Page Loaded
2026-02-17 09:16:20,822 : Test_OrangeHRM_Login_001 : test_OrangeHRM_Login_002 : INFO - Entering Username and Password
2026-02-17 09:16:22,152 : Test_OrangeHRM_Login_001 : test_OrangeHRM_Login_002 : INFO - Clicking Login Button
2026-02-17 09:16:24,636 : Test_OrangeHRM_Login_001 : test_OrangeHRM_Login_002 : INFO - Login Attempt Completed
2026-02-17 09:16:25,770 : Test_OrangeHRM_Login_001 : test_OrangeHRM_Login_002 : INFO - Login Successful
2026-02-17 09:16:26,349 : Test_OrangeHRM_Login_001 : test_OrangeHRM_Login_002 : INFO - Screenshot of Passed Test Saved
2026-02-17 09:16:27,417 : Test_OrangeHRM_Login_001 : test_OrangeHRM_Login_002 : INFO - Starting Test: Verify OrangeHRM Login Functionality
2026-02-17 09:16:27,418 : Test_OrangeHRM_Login_001 : test_OrangeHRM_Login_002 : INFO - Navigating to OrangeHRM Login Page
2026-02-17 09:16:29,113 : Test_OrangeHRM_Login_001 : test_OrangeHRM_Login_002 : INFO - OrangeHRM Login Page Loaded
2026-02-17 09:16:29,113 : Test_OrangeHRM_Login_001 : test_OrangeHRM_Login_002 : INFO - Entering Username and Password
2026-02-17 09:16:33,060 : Test_OrangeHRM_Login_DDT_002 : test_OrangeHRM_Login_DDT_003 : INFO - OrangeHRM Login Page Loaded
2026-02-17 09:16:45,720 : Test_OrangeHRM_Login_DDT_002 : test_OrangeHRM_Login_DDT_003 : ERROR - Login Failed for Username=Admin
2026-02-17 09:16:45,927 : Test_OrangeHRM_Login_DDT_002 : test_OrangeHRM_Login_DDT_003 : ERROR - Test Failed for Username=Admin
2026-02-17 09:16:46,055 : Test_OrangeHRM_Login_DDT_002 : test_OrangeHRM_Login_DDT_003 : INFO - Test Data: Username=Admin1, Password=admin123, Expected Result=Login Failed
2026-02-17 09:16:46,055 : Test_OrangeHRM_Login_DDT_002 : test_OrangeHRM_Login_DDT_003 : INFO - Navigating to OrangeHRM Login Page
2026-02-17 09:16:47,509 : Test_OrangeHRM_Login_DDT_002 : test_OrangeHRM_Login_DDT_003 : INFO - OrangeHRM Login Page Loaded
2026-02-17 09:16:59,456 : Test_OrangeHRM_Login_DDT_002 : test_OrangeHRM_Login_DDT_003 : ERROR - Login Failed for Username=Admin1
2026-02-17 09:16:59,622 : Test_OrangeHRM_Login_DDT_002 : test_OrangeHRM_Login_DDT_003 : INFO - Test Passed for Username=Admin1
2026-02-17 09:16:59,673 : Test_OrangeHRM_Login_DDT_002 : test_OrangeHRM_Login_DDT_003 : INFO - Test Data: Username=Admin, Password=admin1231, Expected Result=Login Failed
2026-02-17 09:16:59,674 : Test_OrangeHRM_Login_DDT_002 : test_OrangeHRM_Login_DDT_003 : INFO - Navigating to OrangeHRM Login Page
2026-02-17 09:17:01,302 : Test_OrangeHRM_Login_DDT_002 : test_OrangeHRM_Login_DDT_003 : INFO - OrangeHRM Login Page Loaded
2026-02-17 09:17:17,157 : Test_OrangeHRM_Login_DDT_002 : test_OrangeHRM_Login_DDT_003 : ERROR - Login Failed for Username=Admin
2026-02-17 09:17:17,417 : Test_OrangeHRM_Login_DDT_002 : test_OrangeHRM_Login_DDT_003 : INFO - Test Passed for Username=Admin
2026-02-17 09:17:17,469 : Test_OrangeHRM_Login_DDT_002 : test_OrangeHRM_Login_DDT_003 : INFO - Test Data: Username=Admin1, Password=admin1231, Expected Result=Login Failed
2026-02-17 09:17:17,469 : Test_OrangeHRM_Login_DDT_002 : test_OrangeHRM_Login_DDT_003 : INFO - Navigating to OrangeHRM Login Page
2026-02-17 09:17:26,313 : Test_OrangeHRM_Login_DDT_002 : test_OrangeHRM_Login_DDT_003 : INFO - OrangeHRM Login Page Loaded
2026-02-17 09:17:39,877 : Test_OrangeHRM_Login_DDT_002 : test_OrangeHRM_Login_DDT_003 : ERROR - Login Failed for Username=Admin1
2026-02-17 09:17:40,076 : Test_OrangeHRM_Login_DDT_002 : test_OrangeHRM_Login_DDT_003 : INFO - Test Passed for Username=Admin1
2026-02-17 09:17:40,109 : Test_OrangeHRM_Login_DDT_002 : test_OrangeHRM_Login_DDT_003 : INFO - Test Results: ['Fail', 'Pass', 'Pass', 'Pass']
2026-02-17 09:19:36,474 : Test_OrangeHRM_Login_001 : test_verify_url_001 : INFO - Starting Test: Verify OrangeHRM Login Page URL
2026-02-17 09:19:36,475 : Test_OrangeHRM_Login_001 : test_verify_url_001 : INFO - Navigating to OrangeHRM Login Page
2026-02-17 09:19:37,202 : Test_OrangeHRM_Login_001 : test_OrangeHRM_Login_002 : INFO - Starting Test: Verify OrangeHRM Login Functionality
2026-02-17 09:19:37,203 : Test_OrangeHRM_Login_001 : test_OrangeHRM_Login_002 : INFO - Navigating to OrangeHRM Login Page
2026-02-17 09:19:46,132 : Test_OrangeHRM_Login_001 : test_OrangeHRM_Login_002 : INFO - OrangeHRM Login Page Loaded
2026-02-17 09:19:46,133 : Test_OrangeHRM_Login_001 : test_OrangeHRM_Login_002 : INFO - Entering Username and Password
2026-02-17 09:19:46,274 : Test_OrangeHRM_Login_001 : test_verify_url_001 : INFO - OrangeHRM Login Page Loaded
2026-02-17 09:19:46,287 : Test_OrangeHRM_Login_001 : test_verify_url_001 : INFO - OrangeHRM Login Page URL Verified
2026-02-17 09:19:46,416 : Test_OrangeHRM_Login_001 : test_verify_url_001 : INFO - Screenshot of Passed Test Saved
2026-02-17 09:19:46,417 : Test_OrangeHRM_Login_001 : test_verify_url_001 : INFO - test_verify_url_001 test Completed
2026-02-17 09:19:46,417 : Test_OrangeHRM_Login_001 : test_verify_url_001 : INFO - =============================================================
2026-02-17 09:19:50,330 : Test_OrangeHRM_Login_001 : test_OrangeHRM_Login_002 : INFO - Clicking Login Button
2026-02-17 09:19:52,826 : Test_OrangeHRM_Login_DDT_002 : test_OrangeHRM_Login_DDT_003 : INFO - Starting Test: Verify OrangeHRM Login Functionality
2026-02-17 09:19:52,845 : Test_OrangeHRM_Login_DDT_002 : test_OrangeHRM_Login_DDT_003 : INFO - Total Rows in Excel: 5
2026-02-17 09:19:52,905 : Test_OrangeHRM_Login_DDT_002 : test_OrangeHRM_Login_DDT_003 : INFO - Test Data: Username=Admin, Password=admin123, Expected Result=Login Successful
2026-02-17 09:19:52,906 : Test_OrangeHRM_Login_DDT_002 : test_OrangeHRM_Login_DDT_003 : INFO - Navigating to OrangeHRM Login Page
2026-02-17 09:19:59,889 : Test_OrangeHRM_Login_001 : test_OrangeHRM_Login_002 : INFO - Login Attempt Completed
2026-02-17 09:20:01,080 : Test_OrangeHRM_Login_001 : test_OrangeHRM_Login_002 : INFO - Login Successful
2026-02-17 09:20:01,751 : Test_OrangeHRM_Login_001 : test_OrangeHRM_Login_002 : INFO - Screenshot of Passed Test Saved
2026-02-17 09:20:01,964 : Test_OrangeHRM_Login_DDT_002 : test_OrangeHRM_Login_DDT_003 : INFO - OrangeHRM Login Page Loaded
2026-02-17 09:20:02,817 : Test_OrangeHRM_Login_001 : test_OrangeHRM_Login_002 : INFO - Starting Test: Verify OrangeHRM Login Functionality
2026-02-17 09:20:02,824 : Test_OrangeHRM_Login_001 : test_OrangeHRM_Login_002 : INFO - Navigating to OrangeHRM Login Page
2026-02-17 09:20:06,378 : Test_OrangeHRM_Login_001 : test_OrangeHRM_Login_002 : INFO - OrangeHRM Login Page Loaded
2026-02-17 09:20:06,378 : Test_OrangeHRM_Login_001 : test_OrangeHRM_Login_002 : INFO - Entering Username and Password
2026-02-17 09:20:07,882 : Test_OrangeHRM_Login_DDT_002 : test_OrangeHRM_Login_DDT_003 : INFO - Login Successful for Username=Admin
2026-02-17 09:20:14,725 : Test_OrangeHRM_Login_DDT_002 : test_OrangeHRM_Login_DDT_003 : INFO - Test Passed for Username=Admin
2026-02-17 09:20:14,831 : Test_OrangeHRM_Login_DDT_002 : test_OrangeHRM_Login_DDT_003 : INFO - Test Data: Username=Admin1, Password=admin123, Expected Result=Login Failed
2026-02-17 09:20:14,831 : Test_OrangeHRM_Login_DDT_002 : test_OrangeHRM_Login_DDT_003 : INFO - Navigating to OrangeHRM Login Page
2026-02-17 09:20:15,886 : Test_OrangeHRM_Login_DDT_002 : test_OrangeHRM_Login_DDT_003 : INFO - OrangeHRM Login Page Loaded
2026-02-17 09:20:30,579 : Test_OrangeHRM_Login_DDT_002 : test_OrangeHRM_Login_DDT_003 : ERROR - Login Failed for Username=Admin1
2026-02-17 09:20:30,812 : Test_OrangeHRM_Login_DDT_002 : test_OrangeHRM_Login_DDT_003 : INFO - Test Passed for Username=Admin1
2026-02-17 09:20:30,861 : Test_OrangeHRM_Login_DDT_002 : test_OrangeHRM_Login_DDT_003 : INFO - Test Data: Username=Admin, Password=admin1231, Expected Result=Login Failed
2026-02-17 09:20:30,862 : Test_OrangeHRM_Login_DDT_002 : test_OrangeHRM_Login_DDT_003 : INFO - Navigating to OrangeHRM Login Page
2026-02-17 09:20:32,761 : Test_OrangeHRM_Login_DDT_002 : test_OrangeHRM_Login_DDT_003 : INFO - OrangeHRM Login Page Loaded
2026-02-17 09:20:45,124 : Test_OrangeHRM_Login_DDT_002 : test_OrangeHRM_Login_DDT_003 : ERROR - Login Failed for Username=Admin
2026-02-17 09:20:45,332 : Test_OrangeHRM_Login_DDT_002 : test_OrangeHRM_Login_DDT_003 : INFO - Test Passed for Username=Admin
2026-02-17 09:20:45,385 : Test_OrangeHRM_Login_DDT_002 : test_OrangeHRM_Login_DDT_003 : INFO - Test Data: Username=Admin1, Password=admin1231, Expected Result=Login Failed
2026-02-17 09:20:45,385 : Test_OrangeHRM_Login_DDT_002 : test_OrangeHRM_Login_DDT_003 : INFO - Navigating to OrangeHRM Login Page
2026-02-17 09:20:47,457 : Test_OrangeHRM_Login_DDT_002 : test_OrangeHRM_Login_DDT_003 : INFO - OrangeHRM Login Page Loaded
2026-02-17 09:21:00,389 : Test_OrangeHRM_Login_DDT_002 : test_OrangeHRM_Login_DDT_003 : ERROR - Login Failed for Username=Admin1
2026-02-17 09:21:00,563 : Test_OrangeHRM_Login_DDT_002 : test_OrangeHRM_Login_DDT_003 : INFO - Test Passed for Username=Admin1
2026-02-17 09:21:00,588 : Test_OrangeHRM_Login_DDT_002 : test_OrangeHRM_Login_DDT_003 : INFO - Test Results: ['Pass', 'Pass', 'Pass', 'Pass']
2026-02-17 09:21:00,588 : Test_OrangeHRM_Login_DDT_002 : test_OrangeHRM_Login_DDT_003 : INFO - test_OrangeHRM_Login_DDT_003 test Completed
2026-02-17 09:21:00,588 : Test_OrangeHRM_Login_DDT_002 : test_OrangeHRM_Login_DDT_003 : INFO - =============================================================
2026-02-17 09:30:42,475 : Test_OrangeHRM_Login_DDT_002 : test_OrangeHRM_Login_DDT_003 : INFO - Starting Test: Verify OrangeHRM Login Functionality
2026-02-17 09:30:42,490 : Test_OrangeHRM_Login_DDT_002 : test_OrangeHRM_Login_DDT_003 : INFO - Total Rows in Excel: 5
2026-02-17 09:30:42,499 : Test_OrangeHRM_Login_001 : test_verify_url_001 : INFO - Starting Test: Verify OrangeHRM Login Page URL
2026-02-17 09:30:42,500 : Test_OrangeHRM_Login_001 : test_verify_url_001 : INFO - Navigating to OrangeHRM Login Page
2026-02-17 09:30:42,530 : Test_OrangeHRM_Login_DDT_002 : test_OrangeHRM_Login_DDT_003 : INFO - Test Data: Username=Admin, Password=admin123, Expected Result=Login Successful
2026-02-17 09:30:42,530 : Test_OrangeHRM_Login_DDT_002 : test_OrangeHRM_Login_DDT_003 : INFO - Navigating to OrangeHRM Login Page
2026-02-17 09:30:43,368 : Test_OrangeHRM_Login_001 : test_OrangeHRM_Login_002 : INFO - Starting Test: Verify OrangeHRM Login Functionality
2026-02-17 09:30:43,368 : Test_OrangeHRM_Login_001 : test_OrangeHRM_Login_002 : INFO - Navigating to OrangeHRM Login Page
2026-02-17 09:30:44,645 : Test_OrangeHRM_Login_DDT_002 : test_OrangeHRM_Login_DDT_003 : INFO - OrangeHRM Login Page Loaded
2026-02-17 09:30:44,942 : Test_OrangeHRM_Login_001 : test_OrangeHRM_Login_002 : INFO - OrangeHRM Login Page Loaded
2026-02-17 09:30:44,943 : Test_OrangeHRM_Login_001 : test_OrangeHRM_Login_002 : INFO - Entering Username and Password
2026-02-17 09:30:50,004 : Test_OrangeHRM_Login_001 : test_verify_url_001 : INFO - OrangeHRM Login Page Loaded
2026-02-17 09:30:50,021 : Test_OrangeHRM_Login_001 : test_verify_url_001 : INFO - OrangeHRM Login Page URL Verified
2026-02-17 09:30:50,173 : Test_OrangeHRM_Login_001 : test_verify_url_001 : INFO - Screenshot of Passed Test Saved
2026-02-17 09:30:50,178 : Test_OrangeHRM_Login_001 : test_verify_url_001 : INFO - test_verify_url_001 test Completed
2026-02-17 09:30:50,179 : Test_OrangeHRM_Login_001 : test_verify_url_001 : INFO - =============================================================
2026-02-17 09:30:53,212 : Test_OrangeHRM_Login_001 : test_OrangeHRM_Login_002 : INFO - Clicking Login Button
2026-02-17 09:30:56,952 : Test_OrangeHRM_Login_001 : test_OrangeHRM_Login_002 : INFO - Login Attempt Completed
2026-02-17 09:30:57,503 : Test_OrangeHRM_Login_DDT_002 : test_OrangeHRM_Login_DDT_003 : INFO - Login Successful for Username=Admin
2026-02-17 09:30:58,672 : Test_OrangeHRM_Login_001 : test_OrangeHRM_Login_002 : INFO - Login Successful
2026-02-17 09:30:59,090 : Test_OrangeHRM_Login_001 : test_OrangeHRM_Login_002 : INFO - Screenshot of Passed Test Saved
2026-02-17 09:31:02,657 : Test_OrangeHRM_Login_DDT_002 : test_OrangeHRM_Login_DDT_003 : INFO - Test Passed for Username=Admin
2026-02-17 09:31:02,876 : Test_OrangeHRM_Login_DDT_002 : test_OrangeHRM_Login_DDT_003 : INFO - Test Data: Username=Admin1, Password=admin123, Expected Result=Login Failed
2026-02-17 09:31:02,877 : Test_OrangeHRM_Login_DDT_002 : test_OrangeHRM_Login_DDT_003 : INFO - Navigating to OrangeHRM Login Page
2026-02-17 09:31:05,196 : Test_OrangeHRM_Login_DDT_002 : test_OrangeHRM_Login_DDT_003 : INFO - OrangeHRM Login Page Loaded
2026-02-17 09:31:06,786 : Test_OrangeHRM_Login_001 : test_OrangeHRM_Login_002 : INFO - test_OrangeHRM_Login_002 test Completed
2026-02-17 09:31:06,787 : Test_OrangeHRM_Login_001 : test_OrangeHRM_Login_002 : INFO - =============================================================
2026-02-17 09:31:19,211 : Test_OrangeHRM_Login_DDT_002 : test_OrangeHRM_Login_DDT_003 : ERROR - Login Failed for Username=Admin1
2026-02-17 09:31:19,330 : Test_OrangeHRM_Login_DDT_002 : test_OrangeHRM_Login_DDT_003 : INFO - Test Passed for Username=Admin1
2026-02-17 09:31:19,384 : Test_OrangeHRM_Login_DDT_002 : test_OrangeHRM_Login_DDT_003 : INFO - Test Data: Username=Admin, Password=admin1231, Expected Result=Login Failed
2026-02-17 09:31:19,385 : Test_OrangeHRM_Login_DDT_002 : test_OrangeHRM_Login_DDT_003 : INFO - Navigating to OrangeHRM Login Page
2026-02-17 09:31:21,318 : Test_OrangeHRM_Login_DDT_002 : test_OrangeHRM_Login_DDT_003 : INFO - OrangeHRM Login Page Loaded
2026-02-17 09:31:35,646 : Test_OrangeHRM_Login_DDT_002 : test_OrangeHRM_Login_DDT_003 : ERROR - Login Failed for Username=Admin
2026-02-17 09:31:35,894 : Test_OrangeHRM_Login_DDT_002 : test_OrangeHRM_Login_DDT_003 : INFO - Test Passed for Username=Admin
2026-02-17 09:31:35,946 : Test_OrangeHRM_Login_DDT_002 : test_OrangeHRM_Login_DDT_003 : INFO - Test Data: Username=Admin1, Password=admin1231, Expected Result=Login Failed
2026-02-17 09:31:35,946 : Test_OrangeHRM_Login_DDT_002 : test_OrangeHRM_Login_DDT_003 : INFO - Navigating to OrangeHRM Login Page
2026-02-17 09:31:37,586 : Test_OrangeHRM_Login_DDT_002 : test_OrangeHRM_Login_DDT_003 : INFO - OrangeHRM Login Page Loaded
2026-02-17 09:31:51,096 : Test_OrangeHRM_Login_DDT_002 : test_OrangeHRM_Login_DDT_003 : ERROR - Login Failed for Username=Admin1
2026-02-17 09:31:51,330 : Test_OrangeHRM_Login_DDT_002 : test_OrangeHRM_Login_DDT_003 : INFO - Test Passed for Username=Admin1
2026-02-17 09:31:51,356 : Test_OrangeHRM_Login_DDT_002 : test_OrangeHRM_Login_DDT_003 : INFO - Test Results: ['Pass', 'Pass', 'Pass', 'Pass']
2026-02-17 09:31:51,356 : Test_OrangeHRM_Login_DDT_002 : test_OrangeHRM_Login_DDT_003 : INFO - test_OrangeHRM_Login_DDT_003 test Completed
2026-02-17 09:31:51,356 : Test_OrangeHRM_Login_DDT_002 : test_OrangeHRM_Login_DDT_003 : INFO - =============================================================
